id,first_name,last_name,gender,Job Title,Seniority,Wage per year in euro,days sick,age,training hours,start date,upper management
1,Alethea,Avraam,Female,Marketing Assistant,IV,49414,6,64,164,06/08/2009,false
2,Allin,Harkes,Male,Financial Advisor,II,189236,2,25,40,12/08/2015,false
3,Maximilian,Ruit,Male,Staff Scientist,III,203157,8,57,156,03/13/2020,false
4,Pansie,Arnaudin,Female,Structural Analysis Engineer,IV,480941,0,55,72,03/13/2002,true
5,Archer,Meneo,Male,Software Test Engineer IV,II,56311,9,27,12,09/16/2012,true
6,Renaud,Oliver-Paull,Male,VP Accounting,IV,448054,7,48,71,11/03/2008,true
7,Aleen,Soeiro,Female,VP Marketing,Jr,89863,11,37,26,06/21/1999,false
8,Konstanze,Brave,Genderfluid,Account Coordinator,III,182486,7,70,167,06/17/2018,true
9,Barbara-anne,Scrooby,Female,Registered Nurse,III,41925,3,60,79,05/16/2002,true
10,Rodrique,Tanner,Male,Librarian,III,134488,8,67,162,11/07/2005,false
11,Maggy,Dunphy,Female,Assistant Professor,Jr,478070,9,54,31,07/23/2019,false
12,Horacio,Happer,Male,Community Outreach Specialist,Sr,252145,4,20,200,12/08/2011,false
13,Esra,Gwyn,Male,Clinical Specialist,III,216274,0,64,21,12/29/2000,false
14,Stan,Brucker,Male,Programmer Analyst I,IV,203060,3,33,103,06/21/2010,true
15,Dermot,Yerlett,Male,Automation Specialist IV,III,200115,10,56,83,04/29/2005,true
16,Ora,Uc,Bigender,Account Coordinator,Jr,315160,11,74,16,03/22/2000,false
17,Myrwyn,Silvester,Male,Assistant Media Planner,IV,108696,5,50,159,08/08/2003,false
18,Gill,Ranyard,Female,Chemical Engineer,IV,212275,3,18,96,01/20/2012,false
19,Moshe,Boyland,Male,Social Worker,III,128120,8,73,194,06/07/2002,true
20,Terese,Plackstone,Female,Cost Accountant,III,467050,5,18,185,06/10/2016,false
21,Manolo,Dewing,Male,Compensation Analyst,Sr,184920,3,44,110,12/29/2019,false
22,Dennie,Luxmoore,Female,Senior Sales Associate,IV,144611,9,55,97,09/01/2016,true
23,Vernor,Willas,Male,Health Coach III,Sr,480338,1,51,97,03/14/2020,true
24,Woodman,Bangle,Male,Senior Developer,II,115558,4,65,79,03/29/2013,false
25,Justin,Livingston,Genderqueer,Database Administrator II,II,378490,4,63,168,03/01/2017,true
26,Victor,De Mitri,Male,Assistant Manager,II,300708,4,52,167,09/08/2002,false
27,Duffy,Dawtrey,Male,Senior Sales Associate,III,451869,11,51,155,02/21/2006,true
28,Melania,Pinkie,Female,Clinical Specialist,II,273431,1,30,155,09/27/2015,false
29,Ranee,Garrelts,Female,Clinical Specialist,Jr,303111,6,51,145,03/25/2016,false
30,Rutherford,Rudge,Male,Structural Engineer,IV,396041,11,35,51,09/08/2000,false
31,Vernice,O'Doran,Female,Librarian,III,400375,5,60,133,09/17/2013,true
32,Patten,Wride,Male,Senior Cost Accountant,IV,393728,10,40,140,03/18/2001,false
33,Merle,Passey,Male,Geologist IV,Sr,291391,2,33,1,12/02/2013,true
34,Guy,Jewett,Male,Senior Developer,II,116590,3,21,111,06/08/2017,true
35,Eliza,Turk,Female,VP Marketing,Sr,149931,6,56,33,03/17/2007,false
36,Morgana,Yatman,Female,Biostatistician I,Sr,217989,6,65,180,04/15/2020,false
37,Arlen,Stearley,Bigender,Human Resources Assistant IV,Sr,473781,5,24,190,05/05/2019,true
38,Joelynn,Limerick,Female,Operator,Jr,224639,5,56,171,03/06/2003,true
39,Iorgo,Williamson,Male,Media Manager I,Jr,356299,2,35,56,12/22/2006,false
40,Sianna,Moring,Female,Automation Specialist III,Sr,229851,5,62,25,07/27/2009,false
41,Anet,Stronach,Female,Electrical Engineer,IV,195326,10,45,7,12/12/2015,false
42,Maribelle,Friday,Female,VP Sales,Sr,494825,1,33,177,05/22/2009,false
43,Olympie,Huffey,Female,GIS Technical Architect,II,396223,7,25,84,08/31/2009,true
44,Lisbeth,Sadat,Female,Technical Writer,II,192139,4,23,61,06/11/2016,false
45,Margaretta,Merriton,Female,Financial Analyst,Jr,361445,7,25,190,06/29/2021,true
46,Leroy,Mannix,Male,Quality Control Specialist,Jr,309115,5,66,36,10/06/2021,true
47,Ethelred,Starie,Male,Community Outreach Specialist,II,452884,10,55,151,02/26/2010,true
48,Olva,Seilmann,Female,Media Manager II,II,202687,2,55,9,05/30/2007,false
49,Giulia,Seamarke,Female,Project Manager,Jr,180838,6,57,104,08/18/2014,false
50,Mike,Bridges,Male,Product Engineer,Sr,56013,1,62,107,04/13/2000,false
51,Bran,Huc,Male,Computer Systems Analyst IV,Sr,126106,6,25,54,02/26/2016,true
52,Klarrisa,Goforth,Female,Systems Administrator IV,III,204328,0,18,132,12/20/2021,false
53,Jimmie,Lafond,Male,Help Desk Technician,Jr,260460,1,43,154,03/24/2016,true
54,Murvyn,Folini,Male,Quality Engineer,IV,238940,2,32,82,02/08/2008,true
55,Dana,O'Halligan,Female,Administrative Officer,Sr,357231,11,31,119,03/26/2013,false
56,Cookie,Blasius,Female,Human Resources Manager,IV,372960,0,45,2,03/03/2009,false
57,Idelle,Wingar,Female,Systems Administrator I,III,222807,11,44,169,08/13/2017,false
58,Winfred,Byles,Male,Internal Auditor,IV,360482,6,30,157,09/18/2000,true
59,Rodger,Hold,Male,Structural Engineer,Jr,316120,8,52,181,02/06/2023,false
60,Nester,Hirthe,Male,VP Accounting,II,332060,5,68,0,09/28/2015,false
61,Miner,Packington,Male,Analyst Programmer,IV,157288,0,68,95,12/05/2019,true
62,Honor,Oret,Female,VP Sales,III,351100,2,73,166,06/09/2006,true
63,Mordecai,Domenici,Male,VP Marketing,II,232290,1,51,164,01/28/2020,true
64,Valera,felip,Female,Assistant Media Planner,II,319663,2,73,112,07/11/2018,false
65,Alidia,St. Leger,Female,Senior Financial Analyst,II,356416,7,71,96,11/27/2001,true
66,Neila,Cowp,Female,Media Manager II,IV,151472,1,23,175,12/29/2000,false
67,Berrie,Lortzing,Female,Analyst Programmer,Sr,417234,11,72,87,07/17/1999,false
68,Cale,Polhill,Male,Nuclear Power Engineer,Sr,464699,1,67,151,12/28/2004,true
69,Arden,MacPaike,Female,Food Chemist,Jr,306754,9,29,142,08/13/2018,true
70,Booth,Georgeson,Male,Executive Secretary,II,178063,7,41,149,12/15/2003,true
71,Curr,Pohlak,Male,Nurse,III,257548,2,35,200,07/04/2000,false
72,Gladi,Arstall,Female,Automation Specialist III,IV,407808,4,56,47,10/10/2000,true
73,Aaron,Antonsen,Male,Design Engineer,Sr,75192,5,47,145,04/20/2014,false
74,Dyan,Petrovsky,Female,VP Sales,III,449587,8,18,52,04/25/2019,false
75,Ricky,Dabrowski,Male,Recruiting Manager,III,217964,9,60,43,04/19/2016,true
76,Anne-corinne,Bonnefin,Female,Recruiting Manager,IV,475973,1,28,97,04/26/2000,false
77,Norry,Lyman,Non-binary,Editor,IV,349239,0,43,66,10/10/2021,false
78,Dyanna,Fisbey,Female,Food Chemist,Jr,305577,2,23,28,11/26/2015,true
79,Booth,Byrne,Agender,Engineer I,II,76142,4,42,59,11/06/2012,false
80,Cyndi,Anster,Agender,Technical Writer,III,117270,11,63,2,02/02/2011,false
81,Nadean,Roycroft,Female,Pharmacist,Sr,408702,7,45,150,09/14/2014,false
82,Theodore,Aggio,Male,Registered Nurse,III,284574,11,47,191,04/28/2002,false
83,Malva,Askam,Non-binary,Recruiter,IV,272413,11,19,76,01/26/2014,false
84,Ronny,Neilan,Male,Administrative Officer,Sr,105462,8,35,24,04/11/1999,true
85,Patsy,Callf,Female,Community Outreach Specialist,Jr,163851,3,50,38,06/25/2008,true
86,Bernadine,Gasken,Female,Structural Analysis Engineer,IV,199967,7,26,72,05/31/2001,false
87,Greggory,Rewbottom,Male,Safety Technician II,II,209223,0,70,189,02/24/2005,true
88,Sheridan,Gusney,Male,Electrical Engineer,IV,106849,9,60,91,11/15/2004,true
89,Merline,Hove,Female,Programmer Analyst III,II,485366,4,18,188,12/07/2010,true
90,Cecilio,Litterick,Male,Graphic Designer,Jr,340103,6,49,71,03/02/2009,false
91,Olivette,Pawelek,Female,Registered Nurse,Jr,389999,11,60,161,09/04/1999,false
92,Bernie,McCullough,Male,Budget/Accounting Analyst IV,IV,290242,7,48,179,12/31/2020,true
93,Velvet,Gerrets,Female,Physical Therapy Assistant,Jr,93678,3,53,15,09/15/2012,false
94,Martyn,Brocking,Male,VP Sales,Jr,336889,4,21,68,05/23/2000,false
95,Rozele,Waghorn,Bigender,Safety Technician IV,III,248078,9,45,180,04/06/2014,true
96,Ileane,Haysom,Female,Assistant Manager,IV,332180,7,37,173,02/09/2022,true
97,Alfie,Winmill,Genderfluid,Human Resources Assistant I,Sr,310070,7,71,150,03/18/2008,true
98,Roma,MacGregor,Male,Product Engineer,IV,48134,8,73,123,11/08/2018,true
99,Marnia,Swadlinge,Female,GIS Technical Architect,II,334778,8,72,114,05/08/2009,false
100,Uriel,Dillingham,Male,Teacher,II,406070,7,55,113,06/27/2003,true
101,Barr,Kibblewhite,Non-binary,Budget/Accounting Analyst I,III,286592,7,53,75,12/01/2005,false
102,Nicolis,Odger,Male,Senior Editor,Sr,140488,4,40,98,08/12/2002,false
103,Gisela,Rogeon,Female,Technical Writer,Jr,154283,0,59,9,07/29/2022,false
104,Linda,Viegas,Female,Programmer III,III,277281,1,41,161,08/26/1999,false
105,Roda,Carstairs,Polygender,Structural Analysis Engineer,IV,461632,3,19,28,08/17/2015,false
106,Christina,Paffot,Female,Systems Administrator IV,IV,302514,5,31,119,12/14/2018,false
107,Elizabeth,Maskew,Female,Account Representative IV,Jr,399675,6,20,150,10/06/2021,true
108,Gweneth,Scurrey,Female,Staff Accountant IV,IV,197910,3,46,54,12/13/2010,true
109,Granger,McCoish,Male,Associate Professor,III,114834,5,26,121,07/16/2007,true
110,Gustavo,Jouhning,Male,Graphic Designer,Sr,454516,8,52,167,11/23/2013,false
111,Eddy,Masser,Female,Registered Nurse,Sr,182905,6,25,172,05/18/2012,true
112,Donia,Vanshin,Female,Web Developer I,IV,162435,8,35,60,01/01/2008,false
113,Tamas,Guille,Male,Web Developer III,IV,181240,10,45,15,03/23/2010,true
114,Winny,Allflatt,Male,Help Desk Technician,Jr,235136,8,63,138,10/26/2015,false
115,Raffaello,Poyner,Male,Nuclear Power Engineer,II,461363,0,26,3,02/18/2006,false
116,Florette,Thams,Polygender,Desktop Support Technician,IV,304397,5,51,102,10/27/2014,true
117,Bud,Maccrea,Male,Software Engineer I,Sr,475778,4,43,143,08/03/2001,false
118,Belva,Patington,Female,Staff Accountant III,IV,192338,5,63,55,11/03/2019,false
119,Bonni,Hardbattle,Female,Executive Secretary,Jr,353092,7,30,166,08/13/2012,false
120,Humphrey,Clint,Male,Director of Sales,II,178893,10,62,111,08/02/2010,true
121,Calley,Sneller,Female,Geologist I,III,283518,4,32,43,05/22/2015,true
122,Emelen,Marham,Male,Account Representative IV,Jr,185364,0,28,79,07/13/2006,true
123,Kitty,Pinchen,Female,General Manager,Sr,320940,8,56,58,02/17/2009,false
124,Janeva,Slatter,Female,Operator,III,130612,8,30,125,10/25/2012,true
125,Juliette,Vannozzii,Female,Web Designer III,II,272640,2,58,184,11/06/2007,false
126,Edie,Elphey,Female,Staff Accountant IV,III,326827,6,20,10,04/10/2006,false
127,Thadeus,Ducaen,Male,Accounting Assistant IV,III,74524,6,73,142,03/18/2020,true
128,Fulton,Sire,Male,Assistant Media Planner,II,442090,9,46,25,02/02/2001,false
129,Rubi,Terrington,Female,Software Consultant,Sr,377860,5,30,31,05/11/1999,true
130,Maynard,Feehan,Male,Assistant Manager,III,168039,0,57,21,03/18/2004,false
131,Ware,Milby,Male,Physical Therapy Assistant,Jr,250869,4,61,59,05/04/2013,true
132,Gregory,Scadden,Male,Office Assistant II,IV,200878,4,23,118,04/01/2013,true
133,Catha,MacIlory,Female,Project Manager,IV,171134,6,65,109,06/23/2010,true
134,Miof mela,Keepin,Female,Research Assistant III,IV,436233,3,38,24,08/18/2003,true
135,Marj,Padgham,Female,Software Test Engineer IV,II,218124,9,43,83,03/23/2006,false
136,Florencia,D'Antuoni,Female,Junior Executive,III,132851,3,43,122,01/29/2023,true
137,Che,Bulteel,Male,Software Test Engineer I,Jr,40153,8,20,197,09/25/2007,true
138,Alberta,Padberry,Female,Human Resources Manager,III,309187,4,72,10,06/25/2017,false
139,Minetta,Stevenson,Female,Payment Adjustment Coordinator,Sr,301372,1,48,163,05/13/2003,true
140,Duane,Duxfield,Male,Legal Assistant,II,395948,6,30,169,08/27/2003,true
141,Arleta,Dallmann,Female,Staff Scientist,Jr,166588,11,48,96,02/09/2022,false
142,Paxton,Abelov,Agender,Software Engineer IV,III,138754,10,60,183,06/17/2003,false
143,Griswold,Rosini,Male,Engineer I,II,446855,5,31,23,12/26/2009,false
144,Jennette,Truin,Female,Account Coordinator,Jr,334920,4,37,182,03/13/2011,true
145,Nollie,Manning,Male,Physical Therapy Assistant,II,197010,7,55,38,06/16/2002,true
146,Prissie,Sidney,Female,Physical Therapy Assistant,IV,390167,8,27,195,04/29/2008,true
147,Griselda,Fleckno,Female,Chief Design Engineer,III,291057,0,62,132,12/02/2007,true
148,Druci,Glide,Female,Environmental Specialist,III,290264,1,44,70,01/14/2005,true
149,Julietta,Glenn,Female,Research Associate,Sr,305721,6,47,123,01/07/2003,false
150,Minetta,Klassman,Female,Technical Writer,Sr,279530,2,24,91,05/25/2018,false
151,Micheal,Jaggi,Male,Media Manager IV,Jr,46898,10,74,113,06/16/2016,false
152,Edwin,Dutch,Male,Project Manager,II,153204,3,35,76,05/02/2004,true
153,Karla,Hryniewicki,Female,Dental Hygienist,Jr,277555,6,41,95,12/18/2013,true
154,Andrey,Sallowaye,Male,Assistant Manager,Sr,418515,5,75,22,10/09/2006,false
155,Denver,Conaboy,Male,Associate Professor,II,376079,8,62,109,06/22/2005,false
156,Winslow,Pagnin,Male,Cost Accountant,Jr,111130,5,60,143,07/30/2004,false
157,Aloysia,Skirvin,Female,GIS Technical Architect,IV,403041,4,22,195,09/04/1999,true
158,Adele,Lamplugh,Female,Professor,Sr,361139,3,56,79,02/19/2013,false
159,Lon,Fairall,Male,Programmer I,IV,41054,8,52,117,07/31/2004,false
160,Loralee,Chiswell,Non-binary,Pharmacist,Jr,450049,7,49,120,03/22/2003,true
161,Karoly,Andraud,Male,Teacher,IV,457130,7,36,69,05/15/2019,true
162,Chere,Cansdale,Female,Assistant Media Planner,III,255661,5,73,118,08/27/2022,false
163,Coraline,Le Grys,Female,Programmer Analyst III,IV,52462,0,55,103,03/13/2012,false
164,Rutherford,Ruler,Male,Payment Adjustment Coordinator,IV,226764,6,44,2,09/03/2016,true
165,Massimiliano,Hurdidge,Male,Desktop Support Technician,IV,243601,10,45,199,01/17/2018,false
166,Gideon,Fitzsymons,Male,Financial Advisor,IV,178159,9,55,61,11/11/1999,false
167,Marlin,Plumtree,Non-binary,Senior Sales Associate,III,121794,2,28,59,03/18/2004,true
168,Babette,Canelas,Female,Assistant Manager,III,263320,0,58,48,08/12/2003,false
169,Dorelia,Prendiville,Female,Chemical Engineer,II,155848,10,47,66,07/20/2007,false
170,Tatum,Raye,Female,Analyst Programmer,II,301023,0,34,135,04/27/2008,false
171,Stephanus,Purse,Male,Biostatistician I,Jr,74253,11,59,199,01/26/2019,false
172,Nils,Malbon,Male,Operator,Jr,174164,7,53,40,05/03/2001,false
173,Ardyth,Rohlfs,Female,Food Chemist,Jr,365027,5,28,55,02/02/2015,true
174,Corbett,Iverson,Male,VP Quality Control,Jr,473489,8,45,161,11/30/2015,false
175,Wyn,Haylett,Male,Web Designer II,Jr,293715,3,27,0,10/10/2017,false
176,Kevina,Sampson,Non-binary,Environmental Tech,Jr,473662,4,66,167,01/13/2011,true
177,Clyde,Fishbourne,Male,Physical Therapy Assistant,Jr,478023,2,69,100,06/20/2002,true
178,Toby,Andreassen,Male,Geologist III,IV,497465,1,45,40,12/27/2017,false
179,Geraldine,Klejna,Female,Assistant Media Planner,Sr,328263,0,49,19,06/23/2007,false
180,Kati,Dalinder,Female,Internal Auditor,Jr,348310,8,54,153,03/28/2017,false
181,Justino,Sallis,Male,Biostatistician IV,III,103725,7,74,23,10/25/2012,true
182,Lemar,Ottee,Male,Quality Engineer,IV,342084,10,19,166,09/20/2001,false
183,Lyon,Gauld,Male,Paralegal,Jr,453108,0,51,88,02/26/2002,true
184,Misty,Mellor,Female,Engineer II,Sr,298559,3,70,27,01/14/2011,false
185,Allyson,Le Huquet,Female,Assistant Professor,IV,469223,3,46,32,03/26/2003,true
186,Hercule,Goldhawk,Male,Database Administrator III,Jr,311854,3,64,110,11/08/2003,false
187,Lawrence,Cleave,Male,Geological Engineer,II,366257,2,18,174,01/27/2013,false
188,Gloriana,Lincoln,Female,Junior Executive,II,354790,4,72,25,06/14/2021,true
189,Lise,Sute,Female,Structural Analysis Engineer,Sr,56898,0,53,164,12/14/2007,true
190,Rudiger,Gerrietz,Male,Registered Nurse,Sr,482726,8,74,57,01/18/2000,false
191,Vivyanne,Purver,Female,Legal Assistant,III,495858,3,33,168,11/12/1999,true
192,Elliott,Pothergill,Male,Food Chemist,Sr,194815,2,46,72,07/24/2004,false
193,Rurik,Colquitt,Male,Programmer Analyst III,Jr,348942,9,24,189,06/06/2013,true
194,Alden,Kivelhan,Male,Paralegal,II,165268,8,33,5,09/12/2000,true
195,Stafford,Bock,Male,VP Accounting,III,61931,2,47,52,12/03/2020,false
196,Enid,Wadsworth,Female,VP Product Management,Jr,126466,0,26,36,10/31/1999,true
197,Xerxes,Talmadge,Male,Sales Representative,Jr,129264,5,50,158,06/24/2016,true
198,Demetra,Jennings,Female,VP Marketing,IV,269695,10,60,190,11/08/2005,true
199,Pinchas,Mateos,Male,Media Manager I,Jr,53895,1,32,20,03/15/2008,false
200,Dore,Marguerite,Male,Accountant III,IV,388626,7,74,81,02/18/2008,true
201,Aldous,Farquhar,Genderqueer,Chief Design Engineer,II,202579,6,44,138,07/24/2021,true
202,Leonore,Tonn,Female,Speech Pathologist,III,88303,1,19,126,10/19/2001,true
203,Diandra,Sutherel,Female,Systems Administrator II,Jr,336287,8,26,158,09/04/1999,false
204,Della,Bohlin,Female,Senior Developer,II,85921,10,74,16,04/09/2019,true
205,Newton,Dahill,Male,Software Consultant,Sr,243625,11,62,80,08/16/2019,false
206,Marleen,Pritchett,Female,Teacher,IV,341079,0,34,111,03/11/2015,false
207,Reinhold,Dibbe,Male,Nurse,III,113108,10,51,110,03/22/2016,true
208,Dwain,Espin,Male,Junior Executive,Sr,357713,9,30,140,08/02/2002,true
209,Nancey,Ricks,Female,Web Developer II,IV,333553,5,40,105,04/20/2004,false
210,Wolf,Stickney,Male,Librarian,III,353472,2,55,8,05/21/2015,false
211,Jillian,Duckham,Female,Environmental Specialist,II,392322,1,28,18,01/07/2000,false
212,Winthrop,Benbow,Male,Librarian,Jr,90184,1,38,12,10/24/2018,true
213,Leicester,Nancarrow,Male,Automation Specialist II,II,471220,0,38,165,03/08/2018,false
214,Lynnette,Dibbs,Female,Associate Professor,III,231013,5,44,101,12/17/2006,false
215,Portie,Ruggs,Male,Desktop Support Technician,IV,103818,8,44,132,06/28/2009,false
216,Hermia,Colpus,Female,Chief Design Engineer,IV,207217,3,32,59,05/31/2003,false
217,Field,McKelvie,Male,Quality Control Specialist,IV,308077,3,41,63,12/03/2003,true
218,Ann-marie,Whitlaw,Female,Engineer III,III,112308,4,67,42,11/17/2003,false
219,Laurie,Stoddard,Male,Cost Accountant,Sr,268322,9,66,65,05/17/2018,false
220,Sisile,Dunseath,Female,Budget/Accounting Analyst III,Sr,159329,0,58,161,05/03/2015,true
221,Giffard,Yakunkin,Male,Software Consultant,Jr,449559,10,46,7,12/16/2022,false
222,Walsh,Vanns,Male,Internal Auditor,Sr,55393,11,23,48,05/14/2018,true
223,Wilhelmina,Myrtle,Female,Actuary,IV,139795,10,63,89,05/01/2009,true
224,Svend,Huntress,Male,General Manager,Jr,333329,0,73,28,03/16/2002,true
225,Lynn,Jervis,Male,Human Resources Assistant I,Jr,133844,1,25,73,08/22/2008,true
226,Robert,Coale,Male,Quality Control Specialist,II,364917,9,20,0,05/12/2018,true
227,Dud,Kleinschmidt,Male,Recruiter,IV,72422,4,55,142,07/25/2007,true
228,Putnam,McMinn,Male,Professor,Sr,222501,3,39,190,03/04/2015,false
229,Linn,Balfe,Male,Project Manager,III,286298,10,61,123,02/22/2015,true
230,Egon,Muris,Male,Geologist II,Jr,49498,10,70,162,02/11/2020,true
231,Bradford,Graveston,Male,Structural Engineer,Sr,200880,1,48,34,05/20/1999,false
232,Konrad,Camell,Male,Sales Representative,II,151567,6,43,136,09/10/2014,true
233,Diena,Jerrans,Genderfluid,Product Engineer,III,168771,3,50,14,01/02/2005,true
234,Joye,Streater,Female,Computer Systems Analyst I,IV,379451,3,73,68,04/18/2010,true
235,Deirdre,Millery,Female,Safety Technician II,III,241686,2,41,141,07/19/2014,false
236,Neysa,Beauchamp,Female,Senior Quality Engineer,Sr,137852,2,68,85,04/10/2020,true
237,Lynnet,De Winton,Female,Cost Accountant,Sr,158310,6,26,32,05/06/2016,false
238,Niccolo,Mundwell,Male,VP Accounting,IV,63160,10,69,119,06/21/2012,true
239,Tristam,Charker,Male,Account Coordinator,Sr,134356,1,63,185,01/31/2015,true
240,Jonas,Lidell,Male,Recruiting Manager,IV,372533,6,32,137,10/13/2001,true
241,Gus,Schild,Male,Software Engineer IV,IV,217160,8,70,87,04/17/2022,true
242,Pegeen,Rapelli,Female,Project Manager,II,238850,6,22,82,11/23/2010,false
243,Else,Alberti,Female,Senior Financial Analyst,III,341965,7,54,173,08/22/2005,true
244,Merrielle,Gildersleaves,Female,Automation Specialist III,IV,468674,11,40,78,11/16/2021,true
245,Yancey,Burt,Male,Mechanical Systems Engineer,III,154636,7,32,122,04/04/2004,false
246,Elsy,Dooher,Female,Recruiting Manager,IV,382572,10,58,11,09/07/2013,false
247,Bonnie,Lanfranchi,Female,Payment Adjustment Coordinator,IV,430251,8,44,101,08/05/2008,true
248,Merv,Wingate,Polygender,VP Marketing,II,415072,5,53,16,12/17/2017,true
249,Kelcie,MacMechan,Female,Associate Professor,IV,282246,5,51,186,11/05/2008,false
250,Nanon,Moloney,Female,Business Systems Development Analyst,III,481907,8,54,179,12/20/2014,true
251,Ashla,Slimme,Female,VP Sales,III,155361,3,62,113,05/04/2021,false
252,De witt,Benne,Male,Health Coach II,II,396652,10,48,194,04/12/2002,true
253,Nap,Rabbitts,Male,Community Outreach Specialist,Sr,459593,0,27,63,05/19/2009,true
254,Florenza,Cox,Female,Administrative Assistant II,II,437115,11,20,12,08/05/1999,true
255,Isak,Sketcher,Polygender,Marketing Manager,III,366667,5,41,72,07/17/2006,false
256,Sib,Trimming,Female,Media Manager II,III,469443,9,21,130,12/26/2017,true
257,Farlie,Braun,Male,Pharmacist,IV,246863,8,57,143,11/11/2004,false
258,Ivie,Redwood,Female,Analyst Programmer,Jr,91763,4,37,162,03/25/2020,true
259,Mac,Hunnisett,Male,Tax Accountant,Sr,45533,5,38,84,04/01/2001,false
260,Bartholemy,Conochie,Male,Legal Assistant,IV,252483,0,59,13,01/27/2019,false
261,Madeleine,Simioni,Female,Financial Advisor,IV,74279,8,47,63,02/09/2009,true
262,Louise,Rutledge,Female,Account Coordinator,II,439562,1,42,114,01/17/2020,true
263,Vernice,Bidgood,Female,Administrative Assistant III,III,209510,10,52,175,08/04/2012,true
264,Forrest,Quincey,Male,Quality Control Specialist,Sr,430369,0,61,124,07/05/2008,true
265,Lief,Ethington,Male,Developer IV,II,278398,2,47,140,07/07/1999,true
266,Ana,Kynston,Female,Human Resources Assistant III,Sr,89971,6,48,2,07/08/2010,true
267,Jarvis,Horder,Male,Editor,Jr,76168,8,49,189,04/12/2010,true
268,Katerina,Kroger,Female,Clinical Specialist,Jr,264979,5,55,90,05/25/2000,false
269,Guglielma,Statefield,Female,Senior Editor,Jr,325102,3,46,6,01/07/2004,true
270,Elia,Wiles,Male,Assistant Professor,IV,427035,7,75,193,06/03/2015,false
271,Lloyd,Rylatt,Male,Staff Scientist,Jr,267737,10,74,31,01/12/2001,true
272,Patrick,O'Gleasane,Male,Paralegal,III,70678,10,47,50,04/04/2016,true
273,Turner,Styche,Male,Accountant I,II,443890,0,73,100,06/28/2016,false
274,Virgil,Egdal,Bigender,Media Manager II,III,184145,8,51,17,07/15/2016,true
275,Baily,Bascomb,Bigender,Nurse Practicioner,IV,448063,7,57,93,08/26/2021,true
276,Bartolemo,Aireton,Male,Senior Quality Engineer,II,152780,4,71,52,10/12/2018,true
277,Ricki,Sjollema,Male,Legal Assistant,III,420766,6,25,109,12/24/2017,false
278,Reinaldos,Stearns,Male,Nuclear Power Engineer,Jr,435725,1,75,16,07/19/2018,true
279,Sherline,Colcutt,Female,Nurse Practicioner,Sr,470478,1,40,50,10/03/2000,true
280,Germain,Nore,Male,Information Systems Manager,III,435972,11,61,180,05/13/2020,false
281,Barnabe,Methley,Male,Financial Advisor,IV,147397,9,36,56,02/28/2018,false
282,Wilburt,Ciobutaro,Non-binary,Software Test Engineer I,Sr,209932,8,25,7,01/19/2021,true
283,Tate,Kristof,Male,VP Product Management,III,89048,10,22,151,01/22/2015,false
284,Salmon,Yakhin,Male,Data Coordiator,III,381003,5,18,21,01/16/2017,false
285,Ann-marie,Thouless,Female,Project Manager,Sr,477742,1,61,34,03/22/2007,true
286,Johannes,Wein,Genderqueer,Structural Analysis Engineer,Sr,346490,5,66,8,11/20/1999,true
287,Daria,Brownrigg,Female,Developer I,Sr,176974,10,64,101,11/24/2020,false
288,Doria,Ovey,Female,Food Chemist,II,120415,3,56,122,11/15/2007,true
289,Brit,Polycote,Genderfluid,Financial Advisor,III,216925,11,72,153,09/27/2018,true
290,Carmita,Cockshot,Female,Community Outreach Specialist,Sr,471014,10,33,52,08/12/2000,false
291,Johnnie,Duckitt,Male,Physical Therapy Assistant,Sr,71982,1,28,4,09/25/2008,true
292,Hasty,Armal,Male,Product Engineer,Jr,193265,7,65,23,04/27/1999,false
293,Esmaria,Worsnup,Female,Safety Technician II,II,315369,11,52,135,05/06/2017,true
294,Bathsheba,Onraet,Female,Civil Engineer,III,61153,4,66,28,01/03/2006,false
295,Mack,Powdrell,Male,Paralegal,IV,444034,7,31,118,02/07/2010,false
296,Minetta,Duckering,Female,Assistant Media Planner,III,301440,11,41,198,06/17/2014,true
297,Dwayne,Pundy,Male,Geological Engineer,Jr,275545,6,29,106,12/22/2022,true
298,Fidela,Osorio,Female,Web Designer IV,Sr,467825,0,23,144,07/13/2008,false
299,Florette,Claybourne,Female,Business Systems Development Analyst,Sr,235061,3,70,164,03/18/2011,false
300,Florri,Watting,Genderqueer,Assistant Manager,II,106284,9,24,59,03/21/2018,true
301,Madelle,Bilbery,Female,Sales Representative,III,162932,6,35,139,02/24/2003,false
302,Darnall,Hawkey,Male,Administrative Officer,IV,70930,11,28,184,04/28/2017,true
303,Arvin,Dedham,Male,Staff Accountant IV,IV,457894,10,42,55,10/17/2001,true
304,Levin,Stephenson,Non-binary,Web Designer II,II,97783,9,57,34,02/18/2002,true
305,Tremain,Timlett,Male,Accountant I,Jr,473407,5,26,70,09/01/2020,true
306,Wally,Houson,Female,Civil Engineer,III,175391,10,49,119,01/25/2000,true
307,Dal,McNerlin,Male,Chemical Engineer,II,435962,6,74,1,03/10/2000,true
308,Gardner,Blomfield,Male,Systems Administrator III,Jr,131941,4,72,42,03/23/2000,false
309,Davon,Leckey,Male,VP Quality Control,III,414249,4,35,194,11/01/2011,false
310,Kimball,Berford,Male,Statistician II,Sr,484414,8,70,108,08/09/2010,false
311,Deloris,Hill,Female,Project Manager,Sr,460122,11,31,186,08/03/2003,true
312,Glenden,Burehill,Male,Accounting Assistant II,III,498887,4,56,124,11/08/2002,true
313,Angel,Di Biagio,Female,Programmer III,III,75918,8,31,6,07/15/2001,true
314,Gerda,Murden,Female,Mechanical Systems Engineer,Sr,463362,5,38,147,03/04/2017,false
315,Jae,Percy,Male,Software Consultant,III,60069,2,48,188,12/14/2000,false
316,Dorey,Harrell,Female,Social Worker,II,309668,10,37,11,07/01/2008,true
317,Bonnee,Perritt,Female,Desktop Support Technician,IV,197798,0,44,191,11/11/2000,false
318,Blaire,Le Lievre,Female,Office Assistant IV,Jr,289326,4,69,35,01/21/2016,false
319,Rosaleen,Charnley,Female,Geologist III,Jr,143910,0,66,67,11/03/2002,true
320,Devina,Edinborough,Female,Accountant II,II,40371,11,20,112,07/10/2017,false
321,Maxie,Abramino,Female,Environmental Tech,IV,315506,8,74,26,01/10/2015,true
322,Natassia,Tedman,Female,Paralegal,III,453172,1,58,78,01/20/2013,false
323,Windy,Podmore,Female,Administrative Officer,Sr,213235,10,38,137,10/12/2010,true
324,Doris,Goede,Female,Chief Design Engineer,III,450385,7,69,33,06/03/2013,false
325,Scott,Gallamore,Polygender,Staff Scientist,Sr,337672,4,29,47,03/07/2002,false
326,Demetra,Leavesley,Female,Desktop Support Technician,Sr,194268,8,21,130,04/09/2017,true
327,Tuckie,Ottee,Agender,Recruiter,IV,223033,8,60,177,10/11/2006,false
328,Karlyn,Amort,Female,General Manager,IV,184159,10,53,116,12/24/2003,false
329,Katherina,Wyche,Female,Structural Analysis Engineer,Jr,111726,10,51,76,07/24/2012,true
330,Ofella,Barnewell,Polygender,Technical Writer,II,50338,2,26,6,01/26/2021,true
331,Scarlett,Genty,Female,Analog Circuit Design manager,Sr,322934,7,19,30,04/12/2011,true
332,Tish,Imlaw,Female,Account Representative I,Jr,154442,3,74,164,07/12/2015,false
333,Pasquale,Aleksandrikin,Male,Mechanical Systems Engineer,II,216968,1,20,79,09/08/2010,false
334,Gearard,Dracey,Male,Dental Hygienist,Jr,450768,11,56,153,05/17/2001,true
335,Madalena,Ertel,Female,Account Representative I,Sr,104286,4,55,61,09/06/2018,false
336,Edithe,Dury,Female,Associate Professor,Jr,141587,1,33,166,08/17/2004,false
337,Aleksandr,Alliston,Male,Developer II,II,99452,10,30,60,07/22/2010,true
338,Jaine,Dauby,Female,Community Outreach Specialist,III,171519,10,63,152,04/07/2018,false
339,Phylys,Clemetts,Female,Senior Sales Associate,IV,102786,7,68,13,01/28/2012,true
340,Trix,Thrustle,Female,Chief Design Engineer,III,263249,4,59,44,09/27/2022,false
341,Van,Croney,Female,Registered Nurse,Jr,79950,6,27,68,05/11/2013,true
342,Javier,Bosch,Male,GIS Technical Architect,II,463346,10,27,113,03/26/2014,true
343,Ursuline,Clifford,Female,Software Test Engineer II,Jr,398399,8,45,65,06/03/1999,false
344,Allyson,Spurrett,Female,Help Desk Technician,II,327142,2,29,50,12/01/2006,true
345,Mariel,Kornalik,Female,Help Desk Technician,Sr,164533,4,18,50,12/21/2005,false
346,Jessalyn,MacKaig,Female,Clinical Specialist,IV,224527,8,26,123,02/25/2013,true
347,Gabbi,Budnk,Female,Financial Advisor,III,268710,6,31,62,05/17/2004,true
348,Shae,Traice,Male,Design Engineer,III,414609,5,28,195,06/02/2017,true
349,Marguerite,Holstein,Female,Research Assistant II,Sr,217230,10,34,142,12/16/2009,false
350,Ty,Llop,Male,Web Developer IV,Sr,40921,1,46,2,06/20/2018,true
351,Jareb,Farncombe,Genderqueer,VP Marketing,IV,162484,8,22,138,06/05/2021,true
352,Cullen,Andriveaux,Male,Product Engineer,II,323959,3,25,105,11/11/2011,true
353,Simonette,Sturges,Female,Help Desk Technician,Sr,491765,5,32,34,04/23/2004,false
354,Zaria,Corsor,Female,Accountant IV,III,180975,8,62,171,11/13/2020,false
355,Stearne,Corrin,Male,Dental Hygienist,Sr,165325,6,69,60,06/15/2020,true
356,Thacher,Ouslem,Male,Geologist III,II,361100,10,54,57,10/31/2015,false
357,Barthel,Hunnable,Male,Media Manager IV,III,289201,11,29,73,08/07/2004,false
358,Martie,Chilcott,Male,Nurse,III,466314,5,57,105,11/16/2010,true
359,Rab,Mikalski,Male,Research Nurse,II,129772,0,37,192,08/03/2012,false
360,Giacopo,Wickmann,Genderqueer,Senior Developer,IV,95730,2,26,32,08/17/1999,true
361,Hamilton,Saywell,Male,Recruiter,Jr,230284,9,71,55,05/06/2001,true
362,Haskel,Grellier,Male,Civil Engineer,Jr,338563,8,71,172,10/14/2011,false
363,Stevy,Montez,Male,Quality Engineer,Jr,108067,0,74,173,09/14/2020,false
364,Wyn,Gravenall,Male,Software Consultant,II,110280,9,75,88,07/12/2021,true
365,Ilse,Zylbermann,Female,Assistant Manager,Sr,213422,0,21,106,09/24/2018,false
366,Hugibert,Kalinke,Male,Staff Accountant IV,Jr,128563,9,25,93,10/07/2022,true
367,Morgan,Frankiss,Female,Executive Secretary,Jr,244719,7,33,189,08/05/2007,true
368,Cristy,Eslemont,Female,Budget/Accounting Analyst IV,Jr,310022,8,31,138,11/13/2008,false
369,Laney,Bridgman,Male,Administrative Officer,II,485103,8,59,20,06/27/2000,true
370,Nancey,Avann,Female,Chief Design Engineer,IV,408032,9,55,26,04/12/2014,false
371,Bentley,Tue,Polygender,Budget/Accounting Analyst IV,Sr,283336,11,34,37,11/04/2016,true
372,Nester,Shanklin,Male,Nurse,Jr,422414,10,74,50,05/30/2013,false
373,Daron,Atterbury,Male,Recruiting Manager,Sr,457337,9,37,90,09/05/2020,false
374,Tabbi,Boraston,Bigender,Database Administrator III,Jr,307218,11,64,16,01/06/2008,false
375,Deina,Burnall,Female,Accountant III,III,42938,4,64,183,09/01/1999,true
376,Isadora,Sparry,Female,Dental Hygienist,Sr,131331,9,37,142,01/07/2013,false
377,Gilligan,Carnegy,Female,Administrative Officer,III,287741,4,54,136,03/30/2005,false
378,Britte,Brafield,Female,Software Consultant,Sr,244756,4,70,72,03/30/2016,true
379,Patrice,Keppie,Female,VP Product Management,II,455485,11,60,142,03/07/2013,true
380,Roddy,MacNockater,Male,Developer III,II,374749,7,29,51,11/09/2012,true
381,Marika,Tonepohl,Female,Budget/Accounting Analyst II,III,86566,9,42,184,03/12/2009,true
382,Fredelia,Airds,Female,Accounting Assistant I,Jr,90131,0,48,162,09/29/2008,false
383,Connor,Diamond,Male,Budget/Accounting Analyst III,IV,394305,2,35,91,07/03/2017,false
384,Ax,Crate,Male,Research Associate,Sr,174027,2,54,179,01/06/2007,true
385,Linette,Gotliffe,Female,Graphic Designer,III,280390,1,57,118,10/27/2013,true
386,Dimitri,Olufsen,Male,Editor,III,369905,1,33,32,08/03/2011,true
387,Guinna,Fidell,Female,Mechanical Systems Engineer,III,87372,6,67,99,03/06/2015,false
388,Aridatha,How,Female,Database Administrator I,III,280584,9,71,185,04/10/2006,true
389,Goldarina,Mcasparan,Female,Senior Quality Engineer,III,401820,9,27,115,12/13/2022,false
390,Gwenni,Mabson,Female,Paralegal,II,378843,8,58,108,08/06/2013,true
391,Gabey,Batalini,Non-binary,Statistician I,II,450121,2,32,149,05/04/2005,true
392,Price,Pardoe,Male,Paralegal,IV,387207,4,74,53,06/13/2014,false
393,Drud,Maass,Male,Structural Engineer,Jr,315118,0,68,193,07/03/2008,false
394,Celestyn,Drewe,Female,Developer I,Jr,360919,7,59,192,02/21/2009,false
395,Neila,Borg,Female,Assistant Media Planner,IV,145204,4,49,160,11/08/2010,false
396,Efrem,Quinnette,Male,Human Resources Assistant I,Jr,437739,10,73,50,01/22/2016,true
397,Farlie,Rattry,Genderqueer,Senior Sales Associate,Sr,263349,11,68,108,05/01/2000,false
398,Felice,Hunsworth,Male,GIS Technical Architect,III,492523,7,27,178,10/08/2022,false
399,Sigismund,Crutchley,Male,Media Manager I,Jr,159766,8,58,199,09/22/2000,true
400,Matthus,Postlewhite,Male,Executive Secretary,IV,70923,0,46,192,03/31/2004,true
401,Arvy,Ipsly,Male,Research Assistant I,II,170203,10,18,145,12/13/2012,false
402,Gib,Oulett,Male,Analyst Programmer,II,99466,10,19,75,02/16/2012,true
403,Eliza,Saylor,Female,Social Worker,III,276474,5,36,39,01/05/2000,false
404,Josephina,Curmi,Genderqueer,Senior Developer,IV,185371,10,75,125,05/07/2006,true
405,Nikolaos,McKeaveney,Male,Electrical Engineer,IV,71966,6,61,18,10/17/2010,false
406,Charmain,Fishburn,Female,Associate Professor,Sr,232150,0,71,187,06/09/2021,true
407,Hasheem,Selwyne,Male,Budget/Accounting Analyst II,Jr,375058,10,30,146,09/16/2018,true
408,Nanete,Snelgar,Female,Teacher,II,315461,7,47,52,04/10/2001,false
409,Harley,Simkovitz,Female,Paralegal,II,352289,5,60,136,10/17/2010,true
410,Jodee,Brise,Female,Editor,III,145442,10,72,115,08/08/2004,false
411,Gerrilee,Whight,Female,VP Product Management,Jr,250227,11,22,15,04/18/2019,false
412,Jim,Hartnup,Male,Senior Quality Engineer,Jr,471906,10,29,52,03/31/2002,true
413,Letizia,Gladwell,Polygender,Analog Circuit Design manager,III,459069,2,41,126,03/17/2009,true
414,Ameline,Glasheen,Female,VP Sales,Jr,84270,6,58,157,07/09/2003,true
415,Ase,Glazebrook,Male,Pharmacist,IV,453503,6,42,77,11/07/2022,true
416,Aaren,Cullon,Female,Information Systems Manager,IV,394184,2,43,150,08/05/2005,false
417,George,Preston,Male,Speech Pathologist,Sr,181426,2,36,194,10/20/2020,true
418,Genevra,Guilloton,Female,Electrical Engineer,IV,69745,2,62,190,07/05/2000,true
419,Jarad,Attaway,Male,VP Quality Control,Sr,218423,1,29,6,09/07/1999,false
420,Philbert,Manby,Male,Help Desk Technician,IV,437474,6,48,31,04/09/2013,true
421,Odette,Myford,Female,Information Systems Manager,IV,99356,3,29,137,11/19/2003,true
422,Piggy,Tolomio,Male,Electrical Engineer,IV,136072,4,63,19,01/03/2022,true
423,Charissa,Fulle,Female,Payment Adjustment Coordinator,II,137981,11,26,42,07/20/2005,false
424,Edy,Gillespey,Polygender,Research Associate,III,95070,10,52,15,02/25/2002,true
425,Benita,McIlwain,Female,Quality Engineer,IV,324543,1,70,28,12/20/2018,true
426,Randell,Berger,Male,Software Engineer IV,IV,395200,3,68,46,02/21/2019,false
427,Tiebold,Castaignet,Male,Computer Systems Analyst I,III,197156,0,52,62,10/27/2020,true
428,Fleur,Bolderson,Female,Senior Editor,IV,279504,9,28,44,12/01/2010,true
429,Dean,Baskerfield,Male,Assistant Manager,Sr,313922,8,57,24,05/18/2018,true
430,Mariann,Boakes,Non-binary,Human Resources Manager,Sr,393913,10,27,55,12/13/2006,true
431,Jackquelin,Wavish,Female,Web Developer III,II,488129,5,54,135,06/25/2002,true
432,Glendon,Gwinnel,Male,Data Coordiator,III,491496,6,21,124,08/25/2003,true
433,Larissa,Huyton,Female,Quality Engineer,Sr,326743,7,32,133,08/18/2000,false
434,Martyn,Westraw,Male,Research Associate,IV,80537,7,43,23,01/05/2022,false
435,Jakie,O'Flaverty,Male,Recruiter,II,396648,1,57,89,02/13/2013,false
436,Stanislaus,Shearmer,Male,VP Product Management,Jr,427796,10,37,15,10/13/2010,false
437,Barny,Kovacs,Male,Community Outreach Specialist,Jr,154377,0,69,14,09/17/2010,false
438,Myer,Dunbar,Male,VP Sales,III,179118,7,73,74,10/10/2003,true
439,Pippo,Shenfisch,Male,Database Administrator IV,III,458596,5,47,99,06/06/2007,true
440,Cassie,Barstow,Genderfluid,Food Chemist,IV,370421,10,36,21,11/22/2020,true
441,Traver,Coarser,Male,Teacher,II,188745,1,30,142,11/03/2000,false
442,Arvin,McKew,Male,VP Marketing,II,300687,0,68,89,10/10/2012,false
443,Cherye,Housen,Female,Quality Control Specialist,II,283198,5,49,50,03/01/2011,false
444,Kliment,Hallwell,Male,Data Coordiator,IV,355846,11,65,42,09/28/2012,true
445,Nita,Nozzolinii,Female,Civil Engineer,IV,260284,11,44,95,11/25/2021,false
446,Bertina,Furse,Female,Librarian,Sr,244431,2,29,159,03/11/2016,true
447,Malcolm,Lammerich,Male,Mechanical Systems Engineer,II,347681,8,30,81,04/01/2007,false
448,Preston,Tommasi,Male,Assistant Manager,Jr,428595,3,30,165,10/22/2012,true
449,Yank,Rother,Male,Nurse Practicioner,Sr,191906,7,19,190,03/10/2016,false
450,Allie,Chalice,Genderqueer,Paralegal,II,346763,3,33,36,10/03/1999,false
451,Jesus,Juara,Male,Graphic Designer,II,149591,11,51,165,08/09/2001,true
452,Gianni,Netherclift,Male,Database Administrator II,III,197176,5,27,76,07/28/2017,true
453,Humphrey,Temblett,Male,Senior Quality Engineer,Jr,432295,7,55,186,11/17/2002,false
454,Jacenta,Gerriessen,Female,Assistant Media Planner,II,282414,9,21,83,08/12/2010,true
455,Janey,Busst,Female,Nurse,IV,485317,0,35,196,04/25/2000,true
456,Shannon,Stiggles,Female,Internal Auditor,III,227742,4,52,104,06/03/2008,false
457,Waly,Nellies,Female,Electrical Engineer,III,82704,4,52,191,04/12/2004,false
458,Daniella,Pawlick,Female,Operator,Jr,399398,6,32,44,04/18/2009,true
459,Burg,Caulcutt,Male,Accounting Assistant I,IV,471825,1,42,121,05/16/2022,true
460,Carin,Nesterov,Female,Web Designer I,Jr,234474,8,30,142,05/15/1999,false
461,Brooke,Tettersell,Male,Associate Professor,Sr,366072,9,30,53,10/05/2003,false
462,Federico,Peete,Male,Food Chemist,II,64919,6,60,44,09/12/2013,false
463,Olivier,Neilan,Polygender,VP Sales,Sr,451198,9,56,115,12/06/2000,false
464,Arlyn,Bouchier,Female,Senior Sales Associate,III,47085,0,51,70,07/29/2005,false
465,Myrta,Rielly,Female,Accountant III,II,471941,8,62,72,06/08/2013,true
466,Connor,Gladeche,Male,Staff Accountant II,III,205010,2,20,47,01/01/2017,false
467,Dido,Genney,Female,Graphic Designer,IV,447999,11,74,169,11/21/2017,false
468,Adora,Brinkley,Female,Paralegal,II,301185,11,52,58,09/01/2000,false
469,Jorry,Tomasian,Genderqueer,Sales Associate,Sr,267416,10,61,115,04/17/2001,true
470,Roxana,Dobrovsky,Female,Professor,Sr,98262,9,54,114,11/14/2014,false
471,Ingrid,Dancey,Female,Accounting Assistant IV,Jr,240314,5,56,55,01/20/2006,true
472,Jodie,Waugh,Agender,Pharmacist,III,171646,3,18,136,10/16/2004,true
473,Cassaundra,Deakes,Female,Project Manager,II,319084,11,35,137,01/03/2022,true
474,Obie,Vlasyev,Male,Help Desk Operator,IV,192756,1,27,39,07/06/2019,false
475,Michaeline,Guilliatt,Female,Operator,Jr,155197,3,37,71,02/20/2009,false
476,Sanderson,Throughton,Male,Media Manager IV,II,308944,10,73,101,07/26/2004,true
477,Gabbey,Muzzi,Bigender,Accounting Assistant IV,Jr,421463,1,36,4,10/30/2009,true
478,Marion,Cornes,Male,Help Desk Operator,Sr,71039,10,63,31,12/12/2007,true
479,Morris,Paddick,Male,Automation Specialist III,IV,278287,2,63,24,07/11/2004,false
480,Raffaello,Espine,Male,Senior Sales Associate,II,349432,3,27,39,11/04/2009,true
481,Karylin,Sidle,Female,Quality Engineer,Sr,140943,10,61,104,01/03/2013,false
482,Willie,Girardetti,Female,Pharmacist,III,490814,4,22,95,09/04/2005,false
483,Ariella,Pellingar,Female,Product Engineer,IV,127006,9,69,51,09/28/1999,true
484,Rorie,Cogdell,Female,Speech Pathologist,IV,279581,7,48,59,05/20/2022,false
485,Deanna,Jarrette,Female,Chief Design Engineer,IV,395690,9,61,185,02/25/2006,false
486,Rasla,Kanzler,Female,Structural Engineer,Sr,76208,10,61,155,04/27/2016,false
487,Torey,Hynde,Female,Information Systems Manager,Jr,307427,0,30,61,03/01/2003,true
488,Jaquenette,Swire,Female,Staff Scientist,II,305407,9,74,5,12/09/2000,false
489,Maynord,Scholey,Male,Help Desk Technician,II,123482,8,25,25,11/01/2007,false
490,Raye,Jeffers,Polygender,Recruiting Manager,Jr,452984,7,65,12,07/06/2010,true
491,Troy,Huyge,Male,Senior Editor,II,368108,9,37,76,01/15/2020,true
492,Stacia,Bothbie,Female,Electrical Engineer,Jr,163174,8,49,108,12/20/2007,true
493,Eyde,Chellam,Female,Programmer II,III,99742,3,68,132,10/11/2001,true
494,Barbara,Habbergham,Female,Analog Circuit Design manager,II,326622,1,25,54,09/21/2003,false
495,Justina,Claricoates,Female,Business Systems Development Analyst,II,143683,8,64,90,07/15/2021,true
496,Cornelle,Eddisforth,Female,Database Administrator I,Sr,290119,2,22,197,09/09/2012,false
497,Gretel,Jenson,Female,Mechanical Systems Engineer,Jr,205743,8,55,41,11/05/2015,false
498,Anatola,Beentjes,Female,Social Worker,II,282233,8,72,64,08/28/2019,false
499,Nadia,Archer,Genderfluid,Teacher,III,105527,0,24,22,05/05/2022,false
500,Dale,Wordley,Genderqueer,Occupational Therapist,II,274342,11,66,93,03/07/2002,false
501,Annaliese,Freddi,Female,Staff Accountant IV,Sr,310793,1,22,120,11/11/2010,false
502,Estel,Littlejohns,Genderfluid,Accounting Assistant I,Sr,114011,5,64,163,10/20/2020,false
503,Josie,McGrail,Female,Pharmacist,Jr,406743,4,69,167,07/26/2014,false
504,Vincents,Asipenko,Male,Sales Representative,Jr,229140,10,50,130,05/18/2008,true
505,Page,Le Teve,Male,Chemical Engineer,III,401884,10,64,93,02/28/2002,false
506,Whitman,Humbell,Male,Senior Cost Accountant,Sr,138505,11,60,156,03/13/2018,false
507,Adore,Skeldon,Female,Project Manager,Jr,352803,10,49,121,12/17/2007,true
508,Cissy,Stollhofer,Female,Safety Technician III,III,126238,9,53,116,12/30/2001,false
509,Phyllis,Butner,Female,Sales Representative,IV,294749,3,67,77,11/11/2019,false
510,Jade,Abbots,Polygender,Nuclear Power Engineer,II,359163,11,28,39,04/12/2011,false
511,Sim,Saunter,Male,Administrative Officer,Jr,207277,9,18,194,03/21/2013,true
512,Curr,Siebart,Male,Technical Writer,Sr,238105,11,66,11,01/07/2020,true
513,Stevy,Kernes,Male,Speech Pathologist,IV,323377,1,37,117,06/01/2022,false
514,Roxanne,Scamel,Female,Computer Systems Analyst IV,III,456982,8,65,91,02/22/2010,true
515,Brett,Zincke,Male,Professor,Jr,301583,6,37,187,07/16/2013,true
516,Marshall,Lago,Male,Account Representative II,Jr,179417,1,64,59,01/18/2005,false
517,Artemis,Spong,Male,Chief Design Engineer,IV,249132,5,70,46,11/22/2001,false
518,Evvy,Gerber,Female,Account Coordinator,Jr,259337,8,39,16,02/11/2012,false
519,Obie,McCraine,Male,Sales Representative,IV,459427,7,65,38,06/18/2006,false
520,Ewell,Cockroft,Male,Nurse Practicioner,II,175931,8,66,60,12/20/2003,false
521,Andee,Peever,Female,Chief Design Engineer,II,175150,3,62,136,09/30/2016,false
522,Sadella,Ellis,Female,Statistician IV,II,458194,10,40,19,03/12/2007,false
523,Barty,Lintin,Male,Automation Specialist III,II,488691,2,46,62,04/23/2000,true
524,Zachariah,Heskey,Male,Analyst Programmer,II,468260,10,66,134,11/17/2015,true
525,Kim,Billiard,Female,Marketing Manager,II,245036,1,72,130,05/15/2003,false
526,Brett,Borborough,Female,Recruiting Manager,II,41206,3,26,175,06/10/2020,false
527,Allayne,Philler,Male,Dental Hygienist,III,366311,5,51,114,04/16/2003,false
528,Tony,Cason,Male,Senior Developer,Sr,335879,2,33,103,02/02/2013,true
529,Vida,Treleven,Female,Financial Advisor,II,66123,1,22,12,02/24/2016,false
530,Clio,Wadham,Agender,Account Representative II,Sr,342240,3,59,161,05/25/2020,false
531,Clem,Benzing,Male,Dental Hygienist,II,251965,9,37,151,06/05/2018,false
532,Chelsea,MacCall,Female,Senior Cost Accountant,Jr,279986,7,41,30,02/11/2004,false
533,Dilan,Fowler,Male,Nurse Practicioner,Sr,445582,5,45,144,12/08/2009,true
534,Pier,Scheffel,Female,VP Accounting,Jr,263219,6,52,105,12/26/2009,false
535,Sylvan,Acott,Male,Business Systems Development Analyst,IV,66285,2,35,82,10/27/2001,false
536,Leola,Brandham,Female,Geologist I,Sr,333105,10,49,16,06/10/2022,true
537,Kiele,Gooly,Female,Director of Sales,Sr,99617,2,29,161,04/28/2002,false
538,Ertha,Yashunin,Female,Programmer Analyst IV,Jr,281565,9,54,176,11/23/2021,true
539,Garreth,Koenraad,Male,Associate Professor,III,234874,3,26,63,10/03/2003,true
540,Tommy,Cron,Female,Chief Design Engineer,III,495880,0,28,41,11/20/2001,true
541,Bobby,Dugall,Male,Electrical Engineer,Sr,321415,3,38,172,10/12/2009,true
542,Briant,Burniston,Male,Electrical Engineer,Jr,312631,11,38,19,10/16/1999,false
543,Cathe,Pitford,Bigender,Human Resources Manager,Jr,317502,2,35,178,01/09/2014,false
544,Austine,Dunphy,Female,Research Nurse,IV,146656,3,28,8,02/25/2009,true
545,Fanni,Emma,Female,Analyst Programmer,III,63096,8,39,164,10/18/2015,false
546,Rodney,Garbutt,Male,Analog Circuit Design manager,Jr,336880,7,54,154,12/19/2013,false
547,Welbie,Dautry,Male,Geologist IV,Sr,209083,2,74,9,04/15/2011,false
548,Bonnibelle,Trevna,Female,Computer Systems Analyst III,II,252592,0,19,69,06/10/2001,false
549,Kirsti,Angood,Female,Human Resources Assistant III,IV,178661,9,58,158,05/13/2000,true
550,Augy,Towers,Polygender,GIS Technical Architect,Jr,413570,2,53,9,08/30/2019,false
551,Nicki,Seden,Female,Engineer II,IV,306156,5,41,1,06/28/2015,false
552,Jeremias,McTaggart,Male,Quality Engineer,Jr,461320,6,58,139,05/01/2012,true
553,Ardelia,Watsam,Female,Teacher,III,155975,11,28,119,10/28/2001,false
554,Leo,Ellson,Male,Programmer Analyst II,Jr,377585,5,40,8,08/09/2005,false
555,Nester,Fransemai,Male,Business Systems Development Analyst,Sr,320006,4,49,40,06/28/2007,false
556,Julie,Neissen,Bigender,Budget/Accounting Analyst II,Sr,305286,8,35,81,10/02/2014,false
557,Nolie,Abrahm,Female,Research Nurse,Sr,275771,10,20,200,02/04/2004,false
558,Richie,Lynett,Male,Account Executive,III,164838,3,34,122,09/17/2020,true
559,Leese,Ovize,Female,Senior Editor,IV,113704,4,67,114,05/14/2022,true
560,Clemens,Guillou,Male,Systems Administrator III,Jr,260830,3,54,179,12/20/2019,true
561,Flory,McCreath,Female,Assistant Media Planner,Sr,222769,6,66,36,06/16/2022,false
562,Pacorro,Arnaudot,Male,Product Engineer,IV,98475,5,63,195,06/20/2019,true
563,Conchita,Strognell,Female,Director of Sales,III,135716,2,41,120,06/11/2019,true
564,Jimmy,Innott,Male,Environmental Tech,II,320799,3,48,35,10/02/2014,true
565,Cristen,Ellcome,Female,Food Chemist,III,221952,5,33,30,09/03/2020,false
566,Leanor,Dansey,Female,Actuary,Jr,170789,2,53,180,10/01/2003,false
567,Malory,Partner,Female,Media Manager I,IV,132865,11,36,62,06/19/2006,false
568,Winifred,Kelso,Female,VP Sales,III,128457,4,65,36,04/26/2021,true
569,Bowie,Areles,Male,Nurse Practicioner,Jr,208859,2,33,23,12/29/2007,true
570,Niko,Phillput,Male,Clinical Specialist,IV,118562,8,46,169,07/02/2000,false
571,Jaymie,Reen,Male,Structural Engineer,III,428633,8,42,121,03/12/2007,false
572,Diahann,Gingell,Female,Statistician III,Jr,366387,3,43,90,10/08/2010,false
573,Opalina,Parlott,Female,GIS Technical Architect,IV,352037,6,27,161,04/05/2004,false
574,Gordie,Ruseworth,Male,Engineer II,II,473275,3,20,39,05/17/1999,true
575,Jarred,Dickon,Male,Cost Accountant,II,112499,7,66,8,11/29/2000,false
576,Ollie,Ablott,Male,Administrative Assistant I,III,461482,3,73,22,08/26/2020,false
577,Sioux,Mooring,Female,Senior Editor,Sr,472054,9,55,179,12/05/2014,false
578,Brittani,McCarver,Female,Accountant IV,IV,154113,1,72,163,11/04/2003,false
579,Mose,Grunnell,Agender,Desktop Support Technician,III,253617,0,56,80,07/28/2020,false
580,Chrissie,Meads,Female,Structural Analysis Engineer,IV,188215,11,70,144,09/11/1999,true
581,Adria,Blackah,Female,General Manager,Jr,192243,3,55,141,11/13/2001,false
582,Gualterio,Ivkovic,Male,Actuary,II,486192,1,29,163,01/30/2004,false
583,Eli,Hallett,Male,Quality Control Specialist,IV,278344,1,29,139,12/16/2022,true
584,Aaren,Morson,Female,Sales Associate,Jr,54469,5,33,174,05/15/2015,false
585,Estelle,Durman,Female,Analog Circuit Design manager,Jr,89558,8,57,94,04/02/2000,false
586,Rory,O'Lochan,Bigender,Librarian,Jr,235179,7,20,74,05/23/2018,true
587,Javier,McMenemy,Male,Human Resources Manager,III,273056,11,26,1,12/26/2016,false
588,Dee,Kayne,Female,Account Executive,IV,365224,1,40,154,11/01/1999,false
589,Ashby,Egginson,Male,Staff Accountant IV,III,370018,8,28,136,09/13/2020,true
590,Salomon,Jaggi,Male,Tax Accountant,II,356652,1,73,172,01/26/2004,true
591,Leopold,Mertin,Male,Senior Sales Associate,IV,115229,11,52,89,03/31/2001,true
592,Rubin,Hasard,Male,Account Representative IV,Sr,460851,6,30,150,02/08/2017,false
593,Kennedy,Rolls,Male,Marketing Assistant,IV,239408,5,36,196,02/13/2005,true
594,Kerwinn,Cucuzza,Male,Cost Accountant,III,187783,1,49,182,08/01/2008,true
595,Victoria,Jaher,Female,Speech Pathologist,Sr,375555,4,32,154,09/13/2021,true
596,Essy,Casella,Female,Nuclear Power Engineer,Jr,364468,8,39,69,07/27/2020,true
597,Aeriela,Westmorland,Female,Cost Accountant,IV,51229,1,39,91,12/25/2018,false
598,Terrel,Kowalski,Male,Information Systems Manager,Jr,93966,9,44,116,02/10/2022,false
599,Adel,Hevner,Female,Health Coach I,III,391064,3,29,120,10/04/2005,true
600,Ianthe,Ede,Female,Developer I,III,339777,0,36,182,04/29/2008,false
601,Rollins,Gallymore,Male,Compensation Analyst,Jr,56336,11,37,178,05/09/2006,false
602,Lionel,Antoshin,Polygender,Software Test Engineer III,III,484735,6,66,100,10/23/2000,false
603,Willi,Allard,Male,Associate Professor,Sr,152483,9,23,196,08/17/2014,true
604,Serene,Abraham,Female,Clinical Specialist,II,225714,2,45,40,06/20/2003,true
605,Horst,Million,Male,VP Marketing,Jr,104191,3,39,99,09/18/2014,false
606,Tuckie,Baseggio,Male,Occupational Therapist,III,485351,3,63,87,08/19/2008,true
607,Salli,Gudahy,Female,Associate Professor,Sr,247038,4,66,164,01/24/2002,true
608,Josefina,Ubsdale,Female,Administrative Officer,Jr,72622,1,33,53,11/07/2021,false
609,Viv,Stollard,Female,GIS Technical Architect,III,446743,8,20,185,06/09/2002,true
610,Debera,Brotherwood,Female,Environmental Tech,IV,471316,0,25,66,01/21/2020,false
611,Antonio,Moorman,Male,VP Product Management,III,409813,6,54,91,08/17/2015,true
612,Darcy,Camacke,Male,Financial Advisor,III,391757,9,27,159,10/16/2000,true
613,Liesa,Alsobrook,Female,Nurse,Sr,360450,4,74,86,06/03/2005,true
614,Aubrey,Rickard,Male,Senior Sales Associate,III,334674,10,20,84,07/24/2010,false
615,Tammie,Haddington,Male,Analyst Programmer,II,484167,5,60,200,04/27/2022,true
616,Collie,Tibbetts,Female,Software Consultant,Jr,255467,11,38,9,02/01/2005,true
617,Sarine,Alastair,Female,Geologist II,III,369730,9,23,23,03/09/2020,true
618,Ximenez,Friatt,Male,Developer III,Jr,55305,1,75,93,11/29/2018,false
619,Ronny,Fendt,Male,Pharmacist,II,388028,10,42,79,04/18/2013,true
620,Connor,Trenholme,Male,Computer Systems Analyst I,III,212905,0,20,36,01/01/2022,false
621,Breanne,Venditto,Female,Marketing Manager,III,352329,7,47,175,03/07/2009,true
622,Pepillo,Mucci,Male,Data Coordiator,II,427733,10,63,103,03/03/2013,true
623,Ida,Mallalieu,Female,Paralegal,Sr,294944,0,53,98,09/12/2018,false
624,Dinny,Campa,Female,Administrative Assistant III,III,245274,10,74,26,07/03/2019,false
625,Elfrida,Simonds,Female,Web Designer IV,II,312259,7,19,69,06/06/2012,true
626,Rhianna,Butchart,Female,Desktop Support Technician,IV,171733,11,42,120,07/26/2018,true
627,Art,Brickwood,Male,Junior Executive,Jr,267595,7,28,165,06/29/2020,true
628,Arv,Randerson,Male,Tax Accountant,Jr,354508,2,72,187,02/27/2003,false
629,Frederick,Plows,Male,Speech Pathologist,Jr,483014,11,20,200,12/02/2013,false
630,Anabel,Wilcox,Female,Operator,Sr,196483,1,69,49,07/29/2015,false
631,Chery,Salvidge,Female,Account Executive,III,445366,7,32,109,07/06/2016,false
632,Kalle,Birtonshaw,Male,Actuary,III,257425,10,47,133,07/31/2008,true
633,Benson,Siegertsz,Male,Payment Adjustment Coordinator,II,101598,9,72,50,02/16/2014,false
634,Noe,Nodin,Male,Quality Engineer,Sr,106411,7,46,7,01/31/2015,true
635,Faber,Di Boldi,Male,Community Outreach Specialist,II,123723,0,53,83,12/29/1999,false
636,Shelbi,Gapp,Female,Compensation Analyst,II,62785,7,27,17,11/11/2001,false
637,Charyl,Ronaghan,Female,Compensation Analyst,IV,341075,1,61,88,12/02/2011,true
638,Aridatha,McMylor,Female,Associate Professor,Jr,140451,3,41,74,07/07/2018,true
639,Burr,Meineck,Bigender,Compensation Analyst,III,99177,7,40,67,07/29/1999,true
640,Loralee,O'Hearn,Female,Civil Engineer,III,206531,9,33,164,07/26/2002,true
641,Janean,McLaverty,Female,Geological Engineer,III,354334,3,27,23,02/15/2000,false
642,Anette,Wither,Female,Mechanical Systems Engineer,Jr,365897,8,49,10,12/23/1999,false
643,Chauncey,Coning,Male,Analyst Programmer,II,226514,5,75,171,02/03/2021,true
644,Cull,Indge,Male,VP Sales,II,436744,10,27,7,03/16/2013,false
645,Andie,Dubber,Female,Compensation Analyst,Jr,288055,8,21,168,09/09/2021,true
646,Jeffie,Cluckie,Male,Staff Accountant III,II,351368,1,23,110,09/17/2010,false
647,Rosemarie,Darlison,Female,Senior Sales Associate,Sr,373943,2,61,42,10/17/2008,true
648,Rosemary,Postance,Female,Senior Cost Accountant,IV,158522,2,59,184,05/05/2009,false
649,Tremayne,Pessel,Male,Help Desk Technician,II,393574,10,28,104,04/10/2015,true
650,Osbourn,McNeil,Male,Mechanical Systems Engineer,Sr,304740,3,37,84,01/02/2016,true
651,Danica,Shewry,Female,Social Worker,Jr,91811,7,66,91,08/15/2017,true
652,Mandi,Macon,Female,Structural Engineer,II,139033,9,25,104,05/19/2017,true
653,Binni,Ell,Female,Food Chemist,Jr,289468,8,30,129,01/25/2016,true
654,Eustace,Jerzycowski,Male,Physical Therapy Assistant,II,350917,4,31,137,12/15/2018,true
655,Janenna,Bramelt,Female,Executive Secretary,Sr,146152,11,70,124,12/01/2019,false
656,Jerri,Snar,Male,Physical Therapy Assistant,II,461201,10,42,11,03/17/2009,true
657,Celisse,De Domenicis,Female,Senior Quality Engineer,Sr,153628,9,29,188,09/03/2003,false
658,Augy,Bosson,Male,Compensation Analyst,III,493082,8,64,177,02/13/2009,false
659,Wernher,Magwood,Male,Financial Analyst,II,350353,11,37,34,05/31/2000,true
660,Sherri,Doerling,Female,Web Designer III,Sr,329109,3,46,169,01/01/2005,false
661,Koralle,Houten,Female,Administrative Assistant I,Jr,237119,8,70,65,05/23/2001,false
662,Timmy,Caunter,Male,Senior Developer,Sr,365076,9,67,165,10/06/2010,false
663,Ambrosius,Speake,Genderfluid,Automation Specialist II,IV,241237,4,55,150,12/08/1999,false
664,Lydon,Chesterman,Male,Junior Executive,Jr,344727,7,28,67,09/24/2009,false
665,Maurise,Eberz,Female,General Manager,Sr,147541,5,63,196,10/08/2020,true
666,Cortie,Orleton,Male,Senior Editor,IV,405779,5,53,118,08/29/2013,true
667,Ward,Brankley,Male,Professor,II,498720,6,28,13,09/23/2012,false
668,Hube,Eyton,Male,Database Administrator III,Jr,252210,8,20,68,01/18/2023,false
669,Roderigo,Serjeant,Male,Media Manager IV,IV,213131,3,47,38,01/09/2023,true
670,Octavia,Ayers,Female,Developer II,Jr,75195,10,57,48,03/05/2000,true
671,Shaun,Orrill,Female,Electrical Engineer,III,389633,2,67,174,11/11/2018,false
672,Phillis,Tiesman,Female,Financial Analyst,II,308680,11,54,188,12/12/2015,false
673,Finn,Goldby,Male,Chief Design Engineer,III,453967,5,44,171,05/30/2008,true
674,Doll,Storah,Female,Information Systems Manager,IV,248110,1,57,152,05/14/2019,true
675,Barn,Wyley,Male,Associate Professor,Sr,304237,1,42,157,05/15/2016,true
676,Tudor,Shoosmith,Male,Help Desk Operator,III,83347,6,63,61,11/25/2001,true
677,Kelvin,Reinisch,Male,Senior Sales Associate,Jr,407104,2,67,147,11/14/2014,true
678,Earl,Allott,Male,Senior Sales Associate,Jr,357374,3,41,155,03/08/2002,false
679,Cam,Grigsby,Male,Research Nurse,II,164131,4,26,43,03/24/2014,true
680,Laverna,Mauser,Female,Professor,III,306186,6,62,28,03/08/2007,true
681,Jehu,Ratke,Male,Paralegal,III,128275,2,31,33,03/07/2010,false
682,Rodrique,Rewcastle,Male,Data Coordiator,III,490417,2,68,182,08/27/2000,false
683,Felic,O'Dunniom,Male,Research Nurse,Jr,151805,2,55,38,12/11/2005,false
684,Nigel,Stivens,Male,Physical Therapy Assistant,IV,124569,0,26,114,07/29/2015,false
685,Josie,Paulon,Female,Programmer I,IV,353801,7,32,168,12/31/2019,false
686,Bernete,Vince,Female,Structural Analysis Engineer,Sr,225567,7,46,193,10/06/2010,false
687,Kinnie,Bounde,Male,Junior Executive,Sr,158509,7,18,163,09/28/2005,true
688,Hinda,Bridal,Female,Structural Analysis Engineer,Sr,493064,0,43,18,03/28/2022,false
689,Tann,Tummond,Male,Occupational Therapist,II,222354,10,66,160,10/12/2008,false
690,Barris,Cowill,Male,Account Representative II,II,347830,9,33,23,03/17/2008,true
691,Blisse,Krebs,Female,Clinical Specialist,Jr,475496,5,34,19,05/27/2005,true
692,Layne,Devons,Female,Actuary,Jr,130621,7,68,155,07/09/2019,false
693,Imelda,Voice,Female,Junior Executive,Sr,349470,4,29,77,05/20/2006,false
694,Mariel,Cornfoot,Genderfluid,Analog Circuit Design manager,Sr,375591,9,21,6,04/15/2004,true
695,Sosanna,Snoding,Female,Actuary,III,234660,2,42,157,08/04/2017,true
696,Galven,Hakonsen,Male,Budget/Accounting Analyst II,III,237422,9,71,161,11/26/2014,true
697,Albina,Jeacop,Female,Mechanical Systems Engineer,II,203658,10,34,174,12/01/2019,false
698,Cleopatra,Dimitrescu,Female,Developer I,Sr,207061,11,18,11,04/01/2013,true
699,Tamra,Vertigan,Genderfluid,Teacher,II,283593,11,23,161,09/17/2005,false
700,Derry,Cosstick,Male,Environmental Tech,Sr,144380,2,65,161,05/25/2000,true
701,Veronique,Iredale,Female,Computer Systems Analyst II,Jr,301554,9,64,72,09/29/2005,true
702,Caterina,Lowen,Female,Speech Pathologist,II,86496,5,48,55,03/24/2006,true
703,Beauregard,Flaonier,Male,Media Manager II,IV,383212,5,73,29,07/12/2004,false
704,Addison,Iacopini,Male,Biostatistician I,IV,496337,5,47,24,03/15/2020,true
705,Georgeanna,Pulsford,Female,Systems Administrator IV,III,77786,4,29,120,04/09/2013,false
706,Brett,Barabisch,Female,GIS Technical Architect,IV,133410,0,27,90,01/10/2016,false
707,Arluene,Cutchee,Female,Financial Advisor,III,340847,6,74,73,12/13/2003,true
708,Tomas,Ornils,Male,Recruiter,III,274341,10,75,42,07/21/2009,false
709,Callean,Ferriday,Genderqueer,Account Executive,Sr,136793,11,52,157,01/30/2015,false
710,Garret,Brydell,Male,Statistician I,Jr,256454,5,73,75,02/17/2003,true
711,Teriann,Durgan,Female,Assistant Professor,III,431524,10,40,130,08/20/2020,false
712,Gamaliel,Koppes,Male,Systems Administrator IV,Jr,485660,6,27,90,07/10/2006,true
713,Hiram,Master,Male,Software Engineer I,Jr,67422,3,56,38,09/20/2010,false
714,Clarance,McCallister,Male,Nuclear Power Engineer,Jr,394035,11,67,163,03/08/2015,true
715,Ella,Totton,Female,Account Executive,II,138844,2,44,98,02/11/2018,false
716,Garnette,Raven,Female,Programmer Analyst III,Jr,58858,6,48,56,04/04/2001,true
717,Klemens,Pierpoint,Male,Speech Pathologist,Jr,407532,1,37,174,01/23/2023,true
718,Sallyann,Forshaw,Female,Quality Engineer,III,55858,9,26,87,12/13/2007,true
719,Korry,Ygoe,Female,Mechanical Systems Engineer,Jr,127678,2,55,182,09/04/2008,true
720,Abraham,Boulstridge,Male,Automation Specialist IV,IV,64088,0,45,34,06/18/2018,true
721,Zebulen,Froschauer,Male,Recruiter,Jr,470210,2,44,58,09/06/2018,false
722,Marcello,McCarter,Male,Human Resources Assistant III,Jr,137242,1,19,63,03/01/2014,true
723,Samara,Glastonbury,Female,Quality Control Specialist,II,257805,1,59,99,10/02/2016,false
724,Webster,Osmon,Male,VP Quality Control,Jr,61019,3,73,87,01/10/2011,true
725,Carlyle,McGlashan,Male,Accountant IV,Sr,88510,0,23,12,04/14/2011,true
726,Claudian,Aharoni,Male,Budget/Accounting Analyst I,Sr,391905,6,24,53,11/23/2003,true
727,Theobald,Ferreras,Male,Account Coordinator,III,219567,2,61,84,09/18/2006,true
728,Walker,Askie,Male,Help Desk Operator,IV,338556,5,53,117,02/06/2005,false
729,Huntley,Justham,Male,Graphic Designer,Jr,430623,6,36,197,04/11/2003,true
730,Opal,Posen,Female,Information Systems Manager,III,265339,11,71,19,02/01/2018,true
731,Bartlett,Snaddon,Male,Product Engineer,Jr,292773,0,70,183,04/09/2019,false
732,Skye,Shenton,Male,Senior Editor,Sr,229439,5,46,84,07/25/2021,false
733,Patrizia,Manoch,Female,Data Coordiator,II,264768,6,62,177,02/09/2008,false
734,Deni,Raine,Female,VP Marketing,Jr,43010,9,47,95,06/15/2000,false
735,Bo,Brangan,Male,Speech Pathologist,III,306360,7,61,91,03/04/2004,true
736,Ignaz,Torfin,Male,Assistant Manager,Sr,453595,5,55,148,12/19/2018,false
737,Colby,Vassie,Male,Health Coach II,Jr,123306,4,60,3,07/27/2005,false
738,Guglielmo,Levet,Male,Senior Sales Associate,II,421986,4,19,142,10/21/2022,true
739,Giffard,Yoslowitz,Male,Account Representative IV,Sr,420251,9,49,3,05/28/2022,false
740,Boot,Youell,Male,Geological Engineer,III,404231,9,51,3,06/20/2011,true
741,Aldis,Wiggin,Male,Environmental Tech,III,308664,7,71,6,02/25/2002,true
742,Roma,Oret,Male,VP Accounting,Sr,343075,0,57,98,06/14/2008,true
743,Wilfrid,Seedull,Male,Actuary,Sr,322003,0,41,93,07/05/2022,true
744,Ive,Ayscough,Male,Speech Pathologist,II,377715,8,66,59,02/11/2010,false
745,Jule,Shallcross,Male,General Manager,III,256178,1,75,93,08/31/2007,true
746,Olivia,Wickey,Female,GIS Technical Architect,Sr,242772,10,71,186,06/19/2007,false
747,Niall,Haslam,Male,Staff Accountant IV,II,242167,11,61,63,06/18/2000,false
748,Dahlia,Mallabund,Female,Chief Design Engineer,III,193646,7,35,179,07/04/2002,true
749,Verna,Christopher,Female,Budget/Accounting Analyst II,Sr,337466,3,42,47,08/16/2020,true
750,Jacques,Baselli,Male,Biostatistician II,Jr,330516,3,31,157,03/01/2017,false
751,Joanne,Pascho,Female,Senior Financial Analyst,IV,486418,7,72,84,06/04/2000,false
752,Abe,Netti,Agender,Librarian,IV,225760,2,44,199,08/15/2013,false
753,Art,Medd,Male,Executive Secretary,IV,240087,2,26,177,11/04/2011,true
754,Dav,Ames,Male,Graphic Designer,Sr,176785,8,49,52,05/18/2020,true
755,Friedrich,McNamara,Male,Engineer II,IV,444470,3,66,17,08/26/2019,false
756,Quent,Dodge,Male,VP Quality Control,Jr,285267,1,24,155,10/09/2011,false
757,Meridith,Bault,Female,Safety Technician I,Sr,259376,7,62,199,10/22/2019,false
758,Halette,Calverley,Polygender,Dental Hygienist,IV,182236,3,26,108,08/23/2010,false
759,Darius,Donnellan,Male,Information Systems Manager,IV,105606,6,59,196,09/21/2019,true
760,Kele,Strickland,Male,Senior Developer,IV,153349,1,40,173,04/28/2018,false
761,Ardine,Cockren,Female,Senior Developer,IV,101998,5,67,83,12/29/2014,true
762,Alyson,Brady,Female,Research Nurse,Sr,87302,6,19,95,01/03/2011,true
763,Culley,Vann,Male,Human Resources Manager,Jr,252683,5,42,57,07/16/2021,false
764,Maritsa,Trenchard,Female,Nurse Practicioner,Jr,436217,4,26,107,03/01/2004,true
765,Cathlene,Meletti,Non-binary,Account Coordinator,III,49117,8,63,1,04/14/2017,true
766,Polly,Szymonowicz,Female,VP Sales,Sr,488922,4,45,118,09/13/2019,true
767,Pet,Raubheim,Female,Marketing Manager,IV,290018,1,45,102,11/06/2007,true
768,Pietrek,Ablett,Male,Social Worker,Jr,334091,3,73,155,12/28/2000,false
769,Cortie,Brockley,Male,Database Administrator III,III,286526,1,20,89,08/11/2010,false
770,Madelena,Gaisford,Female,Help Desk Technician,Sr,131872,7,71,81,06/02/2011,false
771,Lorie,Lennox,Female,Engineer II,III,122261,1,51,28,11/19/2014,false
772,Adoree,Muress,Female,Registered Nurse,III,78433,11,37,181,01/31/2014,false
773,Barrie,Ballendine,Male,Registered Nurse,Jr,96364,1,52,31,08/30/2022,false
774,Lynn,Betty,Male,Assistant Media Planner,II,244275,10,72,109,08/18/2001,true
775,Alwyn,McPhelimey,Non-binary,Accountant II,Sr,444175,2,41,41,11/17/2001,true
776,Kerry,Karppi,Female,Accounting Assistant II,Jr,194144,7,39,31,08/05/2010,true
777,Danica,Reilinger,Female,Senior Editor,III,401295,7,58,149,10/03/2021,true
778,Morry,Smeuin,Male,Technical Writer,III,59870,11,43,197,01/28/2005,true
779,Annmaria,Wylam,Female,VP Quality Control,Jr,62793,0,33,196,08/23/2011,true
780,Dollie,Coffelt,Female,Cost Accountant,Jr,488235,6,45,54,07/02/2020,false
781,Ancell,Pratton,Male,Clinical Specialist,Sr,180916,1,42,169,08/28/2013,false
782,Ramsay,Chesher,Male,Junior Executive,III,356429,11,34,36,05/25/2000,true
783,Hoebart,Sandison,Male,Speech Pathologist,Sr,225700,11,70,193,11/01/2004,true
784,Adelle,Garrand,Female,Dental Hygienist,IV,463307,10,62,47,04/08/2019,false
785,Bryce,Eldridge,Male,Help Desk Technician,IV,451711,8,25,139,11/10/2010,false
786,Scarlet,Stife,Female,Marketing Assistant,II,433267,5,23,150,10/28/2016,false
787,Jayme,Wrightam,Male,Legal Assistant,Jr,428398,9,67,185,08/29/2012,true
788,Caroljean,Burry,Female,Financial Advisor,IV,360174,0,73,187,02/04/2006,true
789,Locke,Crottagh,Male,Budget/Accounting Analyst I,Sr,277950,7,57,77,10/05/2001,true
790,Gayleen,Kyllford,Female,Food Chemist,Sr,149403,2,47,178,10/31/2000,true
791,Lyndsie,Sweeney,Female,Occupational Therapist,Jr,274321,1,66,186,09/27/2009,false
792,Margaux,Spennock,Agender,Programmer Analyst IV,Sr,440255,2,70,168,04/24/2006,true
793,Pete,Freddi,Male,Research Assistant IV,III,451263,2,43,33,04/29/2018,true
794,Malva,Deboo,Female,Cost Accountant,IV,194849,1,38,119,05/05/2017,false
795,Bogart,Beedle,Male,Human Resources Manager,Sr,64586,7,52,185,08/15/1999,true
796,Vere,Alenshev,Polygender,Paralegal,Jr,132686,7,69,78,03/23/2006,true
797,Tim,Palfrey,Male,Computer Systems Analyst I,IV,451230,6,53,64,04/27/2008,false
798,Stefan,Ludwig,Male,Human Resources Manager,II,335284,1,57,199,11/28/2017,true
799,Dulcinea,Ibbott,Female,VP Quality Control,Sr,159007,11,36,12,03/27/2020,false
800,Arthur,Upston,Male,Director of Sales,III,445768,2,74,71,06/21/2003,true
801,Germain,Kiebes,Female,Senior Financial Analyst,IV,429210,3,60,149,01/15/2000,true
802,Timofei,Bruntjen,Male,Financial Advisor,Sr,367074,11,60,178,06/06/2020,true
803,Melina,Sherrum,Female,Software Consultant,IV,311987,9,26,110,10/15/2020,true
804,Leilah,Teck,Female,Web Developer I,III,468127,2,45,130,03/25/2010,true
805,Archibaldo,Marians,Male,Environmental Tech,III,189715,9,23,10,05/23/2016,true
806,Yasmeen,Folliss,Female,Web Designer I,Sr,129813,7,38,143,05/28/2007,false
807,Alene,Isley,Female,Tax Accountant,II,414129,11,45,199,12/04/2000,true
808,Delia,Sarll,Agender,Office Assistant III,III,114327,4,27,3,06/17/2021,true
809,Christen,Heers,Female,Recruiter,Sr,177198,0,70,25,01/27/2011,false
810,Papageno,Autie,Bigender,Senior Cost Accountant,Jr,485123,9,65,184,10/04/2014,true
811,Jamesy,Riddoch,Male,Nurse Practicioner,Sr,451053,6,65,66,06/07/2007,false
812,Kerwinn,Prichet,Male,Research Assistant II,Jr,202053,7,27,19,03/21/2015,false
813,Eugenius,Andrick,Male,General Manager,Jr,237262,2,48,74,12/03/2016,true
814,Skipton,Soall,Male,Engineer II,Jr,73220,7,48,87,05/15/2020,true
815,Hodge,Wallicker,Male,Environmental Tech,Sr,406755,11,22,83,09/24/2001,true
816,Donella,Abramof,Genderqueer,Software Engineer III,III,291583,8,62,110,05/21/2009,false
817,Marian,Beamond,Female,Health Coach III,IV,325329,0,49,62,01/16/2020,true
818,Bary,Forster,Male,Editor,Jr,300991,4,50,145,04/05/2015,true
819,Harald,Pelfer,Male,Statistician III,II,159386,11,24,91,05/19/2010,true
820,Wendell,Hateley,Non-binary,Chief Design Engineer,II,142362,2,73,143,05/20/2002,true
821,Clareta,David,Female,Account Coordinator,IV,166336,1,52,20,10/13/2006,true
822,Decca,Richardes,Male,Assistant Media Planner,Jr,176242,10,58,43,03/27/2005,true
823,Emmie,Shayes,Female,Budget/Accounting Analyst I,Sr,99218,7,48,135,09/12/2005,true
824,Boris,Ruller,Male,Statistician II,Jr,285141,4,66,115,11/13/2018,false
825,Jamie,Kenway,Female,GIS Technical Architect,IV,431386,2,39,108,03/26/2016,false
826,Reinaldos,Oxbrow,Male,Assistant Manager,II,41288,4,45,24,12/13/1999,true
827,Keane,Tidcomb,Male,Quality Engineer,Sr,363847,2,72,176,09/28/2012,true
828,Clement,Berringer,Male,Research Nurse,Sr,117519,6,58,107,09/11/2003,true
829,Ethel,Bauldry,Genderqueer,General Manager,Jr,288824,8,70,189,08/17/2014,false
830,Brittan,Applewhite,Female,Biostatistician IV,III,300814,7,36,140,06/19/2007,true
831,Reginald,Pepler,Agender,Assistant Media Planner,III,91413,5,21,37,04/15/2011,true
832,Aylmar,Golborn,Male,Information Systems Manager,Jr,70635,10,41,42,10/13/2021,true
833,Loretta,Springthorpe,Female,Engineer I,Jr,324921,2,66,157,03/29/1999,true
834,Ker,Antley,Male,Office Assistant III,Jr,423467,9,37,98,11/18/2013,false
835,Leonidas,Farney,Male,Web Developer III,Jr,119706,8,39,85,07/08/2021,true
836,Tabbi,Tucker,Female,Paralegal,II,447998,5,53,54,04/28/2014,true
837,Amabel,Pirkis,Female,Business Systems Development Analyst,IV,469867,4,71,118,05/05/2014,false
838,Merci,Collier,Female,Budget/Accounting Analyst II,Jr,366717,3,20,24,04/14/2015,false
839,Seymour,Sword,Male,Programmer II,Sr,215933,4,52,164,04/18/2004,true
840,Courtnay,McCroary,Female,Research Associate,IV,445034,5,42,28,11/11/2008,true
841,Benni,Cuberley,Female,Budget/Accounting Analyst IV,IV,59977,10,40,83,11/16/2009,true
842,Normand,Moffatt,Male,Marketing Assistant,IV,283380,9,68,8,12/21/2021,false
843,Myranda,Ayto,Polygender,Speech Pathologist,III,93708,6,35,73,05/19/2004,false
844,Fabian,Littlecote,Male,Help Desk Technician,IV,383818,11,20,193,12/14/2021,false
845,Gaultiero,Menendes,Male,Assistant Professor,Sr,180767,3,36,103,04/23/2016,true
846,Corny,Pllu,Female,Assistant Manager,Jr,490026,1,67,167,08/16/2003,true
847,Iago,Loraine,Male,Dental Hygienist,IV,118351,7,19,11,05/16/2011,false
848,Yolanthe,Tembridge,Female,Social Worker,Sr,309473,9,70,185,06/26/2012,true
849,Todd,Nias,Male,Nurse Practicioner,III,475094,5,39,188,08/15/2005,false
850,Hedwiga,Verrills,Female,Product Engineer,Sr,225743,1,49,14,05/22/2020,true
851,Gordan,Gasparro,Male,Nuclear Power Engineer,IV,267302,1,53,179,11/08/2021,true
852,Balduin,Crossgrove,Male,Software Consultant,Jr,115325,5,21,113,10/03/2012,true
853,Templeton,Dunnico,Male,Automation Specialist IV,II,406534,5,40,175,06/21/2014,true
854,Angel,Filochov,Male,Senior Editor,IV,217499,10,43,117,07/04/2004,false
855,Rickert,Andryszczak,Male,Business Systems Development Analyst,III,317564,2,37,194,10/10/2017,false
856,Spike,Vonderdell,Male,Biostatistician III,Jr,399928,4,53,134,03/29/2012,false
857,Felic,Lukasik,Male,Paralegal,Jr,284561,6,33,2,09/28/2012,true
858,Konstance,Houlden,Female,Assistant Professor,Sr,492825,1,35,77,12/28/2020,true
859,Cynthia,Crannach,Female,Geological Engineer,Jr,475259,0,31,83,12/17/2002,true
860,Clari,Parell,Female,Junior Executive,Sr,370860,3,36,31,02/01/2021,false
861,Maiga,Gannon,Female,Mechanical Systems Engineer,Sr,330603,9,44,115,08/02/2003,false
862,Kary,Farrance,Female,Paralegal,IV,163394,0,52,196,05/29/2019,false
863,Adore,Mitroshinov,Female,Media Manager II,Sr,491215,5,44,53,12/10/2001,true
864,Rolf,Bilovus,Male,Assistant Media Planner,Jr,300350,6,22,13,04/18/2014,false
865,Sonia,Upshall,Female,Recruiter,Sr,77473,2,58,163,02/15/2014,true
866,Eddie,McCart,Female,Software Test Engineer II,II,262279,10,42,67,04/30/2015,false
867,Lutero,Pyecroft,Male,Systems Administrator IV,IV,253049,2,43,40,02/20/2008,true
868,Cathrine,Youings,Female,Senior Sales Associate,IV,110239,7,25,14,06/20/2008,false
869,Celina,Bengefield,Female,Nurse,II,41800,4,71,5,01/12/2000,true
870,Carce,Boyet,Male,Product Engineer,III,134983,4,71,102,02/04/2015,false
871,Shep,Ridsdole,Male,Senior Sales Associate,II,270818,6,44,186,06/28/2008,true
872,Kristoffer,McGilbon,Male,VP Marketing,II,283108,3,55,105,05/22/2017,true
873,Webster,Olyfant,Male,GIS Technical Architect,III,431798,11,51,74,03/22/2001,false
874,Lyon,Frake,Male,Human Resources Manager,II,279986,4,47,146,06/06/2001,false
875,Roma,Codlin,Male,Nuclear Power Engineer,IV,188357,11,72,121,03/15/2011,true
876,Huntlee,Sworn,Male,Geological Engineer,II,335599,9,51,144,03/23/2021,true
877,Newton,Tyrer,Male,Pharmacist,III,109888,3,18,85,12/23/2010,true
878,Marjie,McAvinchey,Female,Account Coordinator,III,235005,8,41,196,11/15/2012,true
879,Northrup,Beavan,Male,Geologist III,Sr,320072,8,22,96,11/30/2007,true
880,Neil,Martusov,Male,Statistician I,II,397320,2,59,185,05/03/2015,false
881,Lemuel,Bullcock,Male,Automation Specialist II,IV,303442,11,56,119,10/14/2012,false
882,Rafaela,Letteresse,Polygender,Speech Pathologist,Jr,380210,2,66,59,08/15/2020,false
883,Caesar,L'Homme,Male,Human Resources Assistant III,III,472449,3,53,125,11/13/2012,true
884,Trudie,Boyland,Female,Structural Engineer,II,445167,8,29,38,01/11/2018,false
885,Aigneis,Blakesley,Female,Payment Adjustment Coordinator,III,80067,6,35,87,11/29/2018,true
886,Rockwell,Shone,Male,Operator,III,353535,11,74,72,11/10/2001,false
887,Kirk,Jurkiewicz,Male,Operator,III,454092,2,27,179,12/28/2013,true
888,Redford,O' Kelleher,Bigender,Statistician IV,Jr,101764,4,26,132,12/06/2014,true
889,Jaymee,Bake,Female,Pharmacist,III,275233,5,53,149,04/18/2011,false
890,Stephan,Tripney,Male,Health Coach II,IV,212212,11,24,82,02/21/2018,true
891,Lavina,Aloigi,Female,Recruiter,Sr,202860,10,18,130,04/27/2011,true
892,Hakeem,Clemerson,Bigender,Technical Writer,IV,139894,8,66,32,01/03/2010,false
893,Titos,Reven,Male,Senior Cost Accountant,IV,252265,3,75,67,09/12/2021,true
894,Cullin,O'Growgane,Male,Compensation Analyst,Jr,180714,8,28,163,01/09/2010,true
895,Thornton,Mortimer,Male,Research Nurse,IV,433789,11,18,40,01/24/2010,true
896,Poppy,Bland,Female,Electrical Engineer,Jr,46769,2,46,168,11/05/2001,false
897,Barret,Liverock,Male,VP Accounting,Jr,50359,0,40,2,06/04/2000,false
898,Petronilla,Simony,Female,Director of Sales,III,349077,11,32,69,05/30/2000,true
899,Kirsteni,O'Corrin,Female,Director of Sales,II,346335,11,35,121,02/20/2010,true
900,Mallory,Scarman,Female,Account Representative I,IV,41682,5,62,100,02/22/2003,false
901,Konrad,Rylance,Genderqueer,Administrative Officer,III,321949,5,51,163,06/26/2014,false
902,Monte,Markussen,Male,Sales Representative,IV,315955,1,52,42,10/15/2007,true
903,Erminie,Humphrys,Female,Database Administrator III,IV,87257,1,18,81,02/21/2020,false
904,Ephrem,Holdin,Male,Product Engineer,Jr,93390,10,41,91,07/29/2000,false
905,Matelda,McNickle,Genderqueer,Marketing Assistant,III,350959,10,18,32,04/22/2014,false
906,Benny,Venturoli,Male,Compensation Analyst,III,174830,4,62,133,02/16/2023,false
907,Llewellyn,Guillond,Male,Financial Advisor,II,66488,3,45,95,05/14/2019,true
908,Vere,Izak,Female,Geological Engineer,II,365830,3,43,169,09/26/2003,false
909,Maddie,Klesse,Agender,Operator,Sr,487443,3,51,171,02/19/2011,false
910,Dennis,Fendlen,Male,Account Executive,III,328698,2,26,82,10/25/2016,true
911,Hirsch,Carville,Male,Account Executive,Jr,252796,10,53,188,12/25/2019,true
912,Cariotta,Pennings,Female,Desktop Support Technician,III,416316,7,30,105,12/19/2011,false
913,Ardis,Biffen,Female,Associate Professor,IV,258390,2,66,44,05/13/2007,true
914,Fidelio,Deerness,Male,Environmental Specialist,III,259443,4,41,118,07/14/2006,false
915,Gar,Chiechio,Male,Engineer IV,Sr,172074,1,64,18,01/19/2022,true
916,Helge,Tompkinson,Female,Database Administrator IV,II,275398,6,36,121,12/09/2010,true
917,Mattie,Ocheltree,Female,VP Product Management,IV,355067,11,46,144,06/30/2016,true
918,Christophorus,Grinyer,Male,VP Sales,Sr,460051,9,56,160,06/21/2022,true
919,Meredeth,Plose,Male,Tax Accountant,Sr,103343,10,31,15,11/29/2021,false
920,Ellette,Olver,Female,Assistant Professor,Sr,124288,5,43,36,06/13/2013,true
921,Trey,Garwell,Male,Human Resources Assistant I,III,229880,5,20,46,01/14/2002,false
922,Garry,Lawrinson,Male,Nurse Practicioner,Jr,242949,1,68,143,12/17/2018,false
923,Channa,Branson,Bigender,Systems Administrator III,Sr,397130,3,25,5,01/29/2012,false
924,Sigmund,Wile,Male,VP Marketing,IV,186728,9,73,162,04/24/2010,false
925,Bernardine,Brimblecomb,Female,Sales Representative,II,73228,7,65,61,05/09/2005,true
926,Dasi,Jerromes,Female,Environmental Specialist,Sr,446829,7,44,20,02/15/2007,false
927,Wain,Fitzsymonds,Male,Software Test Engineer I,IV,386814,3,29,118,03/30/2004,false
928,Vinny,Canham,Male,Software Test Engineer II,II,251628,1,34,93,09/28/2002,true
929,Fax,Reading,Male,Electrical Engineer,Sr,431272,2,68,39,05/25/2000,true
930,Marybelle,Appleyard,Female,General Manager,II,399317,4,70,42,11/06/2005,false
931,Mortimer,Cattonnet,Male,Recruiter,IV,484444,8,59,198,06/20/2014,false
932,Lisette,Nerger,Female,Automation Specialist II,III,265552,4,27,195,03/07/2017,true
933,Jimmy,Craise,Male,Financial Analyst,II,118616,6,39,20,05/26/2000,true
934,Trixie,Goosey,Female,Social Worker,IV,369603,3,27,71,09/03/2000,true
935,Baxie,Murrthum,Male,Payment Adjustment Coordinator,Jr,115363,3,27,194,10/12/2007,true
936,Marven,Penhall,Male,VP Sales,III,305555,11,63,37,03/08/2012,false
937,Hyacinthe,Dosedale,Female,Actuary,Sr,306834,6,62,59,03/02/2008,true
938,Florida,Realy,Female,Web Developer III,IV,394346,10,24,156,10/09/2005,false
939,Ebba,Chalk,Female,Executive Secretary,Sr,129979,7,59,60,11/30/2011,true
940,Eveleen,Barenski,Genderqueer,Administrative Officer,III,203836,11,20,83,08/11/2013,true
941,Eudora,Boddington,Female,Media Manager II,II,135793,5,28,197,04/12/2001,false
942,Leroi,Jodrelle,Male,Automation Specialist IV,III,480956,0,48,95,04/20/2011,true
943,Jo-anne,Adnam,Female,Financial Analyst,IV,497950,3,57,39,10/13/2011,true
944,Ileane,McKinley,Female,Geological Engineer,Sr,199178,6,33,40,12/20/2008,true
945,Diahann,Farryann,Female,Legal Assistant,II,268717,3,23,197,11/17/2012,false
946,Phebe,Bellino,Female,Geologist II,II,480469,7,23,77,02/19/2018,false
947,Editha,Ajean,Female,Programmer IV,III,411008,0,70,40,12/13/2013,false
948,Lil,Crozier,Female,Quality Control Specialist,Jr,181545,11,54,176,12/22/2005,true
949,Skipp,Minogue,Male,Information Systems Manager,Sr,75854,2,34,87,11/04/2001,true
950,Mickie,Blunn,Female,Desktop Support Technician,II,440496,5,21,98,07/13/2016,true
951,Addy,Scolts,Male,Registered Nurse,Jr,88372,7,72,105,09/13/2021,true
952,Harris,Keohane,Polygender,Help Desk Technician,Sr,292556,10,28,51,07/03/2010,false
953,Jannel,Cavell,Female,Internal Auditor,Sr,366138,1,42,138,08/28/2010,false
954,Darsie,Bailess,Non-binary,Senior Developer,III,460523,11,27,55,10/14/2010,false
955,Den,Vanelli,Male,Food Chemist,IV,336356,9,58,193,01/26/2000,false
956,Sayres,Courtliff,Male,Statistician I,III,105611,10,64,76,02/07/2014,false
957,Kiele,Speir,Female,GIS Technical Architect,Jr,287610,10,62,198,11/27/2010,false
958,Mary,Bucktrout,Female,Nurse,II,318961,8,28,191,05/14/2015,true
959,Amii,Jefferys,Female,Environmental Tech,II,174999,11,35,134,02/08/2012,false
960,Ramona,Inglis,Female,Dental Hygienist,IV,476277,10,32,4,06/23/2000,false
961,Norbert,Zielinski,Polygender,Data Coordiator,Sr,55313,8,24,59,07/17/2020,true
962,Renato,Kloisner,Male,Account Representative IV,IV,117283,11,45,8,08/18/2009,false
963,Levi,Howat,Male,VP Accounting,II,474431,6,46,96,01/18/2003,false
964,Derry,Hutt,Male,Biostatistician IV,Jr,419411,10,20,57,12/22/2015,false
965,Nickolai,Dunsford,Genderqueer,Computer Systems Analyst I,IV,62652,8,38,15,07/22/2016,false
966,Dana,Pilmoor,Female,Software Test Engineer I,Sr,372894,9,60,63,11/17/1999,false
967,Ludvig,Heddy,Male,Operator,IV,388893,9,48,79,05/19/2017,true
968,Nalani,Wilmott,Female,Paralegal,Jr,64262,5,29,170,02/03/2012,false
969,Jasun,Schollar,Male,Senior Sales Associate,Sr,274963,9,29,38,02/25/2000,false
970,Garvey,Haycock,Male,Marketing Assistant,II,467606,8,20,9,06/30/2018,false
971,Durward,Castellanos,Male,Paralegal,Jr,405747,4,69,108,02/10/2005,true
972,Latrina,Darracott,Female,GIS Technical Architect,Jr,96760,11,25,7,11/24/2016,false
973,Alexio,Tuison,Male,GIS Technical Architect,II,348906,8,52,60,01/27/2011,false
974,Anallise,Dubock,Female,Software Consultant,III,396594,11,68,181,10/18/2011,true
975,Carling,Osler,Male,Analog Circuit Design manager,IV,96105,5,36,126,09/06/2007,true
976,Albie,St. Hill,Male,Programmer Analyst III,IV,492920,10,71,177,07/17/2013,false
977,Alissa,Bartlosz,Female,Pharmacist,Jr,404552,3,67,0,07/03/2012,false
978,Joanna,Helian,Genderqueer,VP Quality Control,Sr,421172,9,24,92,04/21/2017,false
979,Levy,Gaize,Male,Design Engineer,II,223084,0,48,110,10/29/2022,true
980,Renault,Walkingshaw,Male,Programmer II,IV,388284,9,47,191,04/04/2016,false
981,Vance,Barth,Male,Product Engineer,III,199198,3,63,16,08/05/2012,false
982,Zelda,Skatcher,Female,Payment Adjustment Coordinator,Jr,218581,9,38,115,06/23/2013,false
983,Ferdy,Skippen,Male,Editor,IV,330970,8,38,22,03/30/2004,false
984,Melody,Heiss,Female,Operator,IV,190198,8,36,164,08/01/2005,false
985,Annabal,Middlehurst,Female,Design Engineer,II,118132,1,45,55,08/11/2018,true
986,Sonja,Scaysbrook,Female,Web Developer II,III,53476,10,47,59,09/07/2015,false
987,Karie,MacSkeaghan,Female,GIS Technical Architect,Sr,150727,4,56,11,11/11/2000,true
988,Aube,Robelin,Male,Mechanical Systems Engineer,Sr,438846,5,57,193,08/10/2022,true
989,Sutherlan,Yeardley,Polygender,Junior Executive,IV,79033,6,45,8,05/21/2012,true
990,Ber,Aspenlon,Male,Graphic Designer,Jr,279237,5,47,46,08/08/2013,false
991,Ray,Prugel,Female,Health Coach I,II,284662,10,26,144,04/28/2018,true
992,Vito,Clemmitt,Male,Librarian,II,368155,1,25,0,01/29/2006,false
993,Virgie,Brandsma,Female,Paralegal,Jr,244683,4,22,85,08/09/2002,true
994,Zachery,Nend,Genderfluid,Software Consultant,Jr,164385,3,52,162,12/25/2016,true
995,Charmine,Cattermoul,Female,Computer Systems Analyst III,IV,274763,7,60,178,11/17/2006,false
996,Faber,Kelling,Male,Software Engineer I,III,133832,2,50,139,04/09/2014,false
997,Ross,Duck,Male,Technical Writer,III,220276,11,68,15,09/19/2018,false
998,Zola,Laffan,Female,VP Accounting,II,338111,0,30,185,10/31/2020,false
999,Ryun,Morales,Male,Physical Therapy Assistant,Sr,315487,4,56,0,09/28/2004,true
1000,Cobby,Inkin,Male,Information Systems Manager,II,493947,7,37,137,11/18/1999,false
